Control ID,Industry,Process,Sub-process,Risk ID,Risk,Risk rating,Control objective,Control description,Control type,Control nature,Frequency,Assertions,COSO component,Key control,Fraud relevant,Control owner,Segregation of duties,Test of design,Test of operating effectiveness,Population / evidence source,Sample size guidance
BNK-05,Banking and financial institutions,Credit & Lending,Collateral Management,R-BNK-05,"Collateral securing loans is not perfected, revalued or released correctly, overstating security and understating expected credit loss.",High,"Ensure collateral is legally perfected, periodically revalued and released only when the exposure is repaid.","Collateral is recorded in the collateral system only once legal perfection is evidenced by the Legal team; revaluations are performed at the frequency set by asset class using independent valuation sources, and releases require approval by Credit Risk independent of the relationship manager.",Preventive,IT-Dependent Manual,Per Transaction,"R&O, A/V",Control Activities,Yes,Yes,Head of Credit Risk,"The relationship manager cannot record, revalue or release collateral.","Inspect the collateral procedure, perfection checklist, revaluation frequency table and release workflow.","Select a sample of secured facilities; agree perfection evidence, latest revaluation and, for released collateral, approval and repayment.",Secured facilities and collateral releases in the period,40 facilities
BNK-06,Banking and financial institutions,Credit & Lending,Loan Disbursement,R-BNK-06,"Loan proceeds are disbursed to an account other than the approved borrower account, or before conditions precedent are satisfied.",High,Ensure disbursement occurs only after conditions precedent are met and only to the approved account.,Loan Operations verifies that all conditions precedent recorded in the credit approval are satisfied and that the disbursement account matches the approved borrower account before release; disbursement is authorised by two officers independent of credit origination.,Preventive,IT-Dependent Manual,Per Transaction,"E/O, R&O",Control Activities,Yes,Yes,Head of Loan Operations,Credit origination staff cannot execute or authorise disbursement.,"Inspect the disbursement checklist, condition precedent tracking and dual authorisation configuration.","Select a sample of disbursements; agree to satisfied conditions precedent, the approved account and dual authorisation.",All loan disbursements in the period,40 disbursements
BNK-07,Banking and financial institutions,Credit & Lending,Loan Classification and Staging,R-BNK-07,"Deteriorating loans are not migrated to the correct stage or classification, deferring impairment recognition.",High,Ensure loans are classified and staged in accordance with policy and observable credit deterioration indicators.,"The system applies staging rules based on days past due and qualitative deterioration triggers; monthly, Credit Risk reviews the staging migration report and all manual overrides of system-assigned staging require Credit Committee approval with documented rationale.",Detective,IT-Dependent Manual,Monthly,"A/V, C",Risk Assessment,Yes,Yes,Chief Risk Officer,Relationship managers cannot override staging assigned by the system.,"Inspect the staging rule configuration, override workflow and Credit Committee terms of reference.","For a sample of months, re-perform staging from days past due data and inspect approval of all overrides.",Monthly staging migration reports and override approvals,3 of 12 months
BNK-08,Banking and financial institutions,Credit & Lending,Interest and Fee Accrual,R-BNK-08,"Interest and fees are accrued on non-performing exposures or calculated on incorrect terms, overstating income.",High,Ensure interest and fee income is recognised on correct terms and ceases on non-performing exposures.,"The core banking system calculates interest from contracted terms and suspends accrual automatically on classification as non-performing; monthly, Financial Control reconciles interest income to the loan book and reviews an exception report of manually adjusted accruals.",Detective,IT-Dependent Manual,Monthly,"A/V, CO",Control Activities,Yes,No,Financial Controller,Staff maintaining loan terms cannot post manual interest adjustments.,"Inspect the accrual configuration, non-accrual suspension logic and reconciliation template.","For a sample of months, re-perform the interest reconciliation and test manual adjustments to approval.",Monthly interest income reconciliations,3 of 12 months
BNK-09,Banking and financial institutions,Credit & Lending,Loan Modifications and Forbearance,R-BNK-09,"Loans are restructured to avoid recognising default, so forbearance is not identified and impairment is understated.",High,Ensure modifications are identified as forbearance where applicable and are approved and disclosed correctly.,"All loan modifications are assessed against forbearance criteria by Credit Risk independent of the relationship manager, approved at the authority level set by exposure, and flagged in the system so that staging and disclosure reflect the modification.",Preventive,IT-Dependent Manual,Per Transaction,"A/V, P&D",Control Activities,Yes,Yes,Head of Credit Risk,The relationship manager proposing the modification cannot assess or approve its forbearance classification.,"Inspect the forbearance assessment criteria, approval matrix and system flagging.","Select a sample of modifications; agree the forbearance assessment, approval and system flag.",All loan modifications in the period,25 modifications
BNK-10,Banking and financial institutions,Credit & Lending,Write-Off and Recovery,R-BNK-10,"Loans are written off without authority to remove problem exposures from reporting, or recoveries are misappropriated.",High,Ensure write-offs are authorised at the correct level and recoveries are completely recorded.,"Write-offs require approval at the authority level set by exposure size, with evidence that recovery avenues have been exhausted; recoveries on written-off accounts are received into a designated account, reconciled monthly by Financial Control and reported to the Credit Committee.",Preventive,Manual,Event Driven,"E/O, C, A/V",Control Activities,Yes,Yes,Chief Risk Officer,Recovery collection staff do not authorise write-offs or reconcile recovery receipts.,"Inspect the write-off authority matrix, recovery reconciliation and committee reporting.",Select a sample of write-offs; agree approval and recovery evidence. Reconcile recoveries received to the ledger for a sample of months.,Write-offs and post write-off recoveries in the period,25 write-offs
BNK-11,Banking and financial institutions,Deposits & Payments,Customer Onboarding and Account Opening,R-BNK-11,"Accounts are opened without complete customer due diligence, breaching regulation and enabling illicit funds to enter the bank.",High,Ensure accounts are opened only where identification and due diligence requirements are satisfied.,"The onboarding workflow prevents account activation until identification, verification and risk rating are complete; enhanced due diligence for high-risk customers requires approval by Financial Crime Compliance independent of the relationship.",Preventive,IT-Dependent Manual,Per Transaction,"E/O, R&O",Control Activities,Yes,Yes,Head of Financial Crime Compliance,Relationship staff cannot approve their own enhanced due diligence or override risk ratings.,Inspect the onboarding workflow configuration and enhanced due diligence approval routing.,"Select a sample of accounts opened; agree due diligence completeness, risk rating and any EDD approval.",All accounts opened during the period,40 accounts
BNK-12,Banking and financial institutions,Deposits & Payments,Deposit Interest Calculation,R-BNK-12,"Interest paid on customer deposits is calculated on incorrect rates or balances, misstating interest expense and customer balances.",Medium,Ensure deposit interest is calculated in accordance with product terms and approved rate tables.,"Rate tables are maintained by Product Control and independently verified before activation; monthly, Financial Control recalculates interest on a risk-based sample of products and reconciles total interest expense to the deposit book.",Detective,IT-Dependent Manual,Monthly,"A/V, C",Control Activities,Yes,No,Financial Controller,The preparer of the rate table does not approve its activation.,Inspect the rate maintenance procedure and the monthly recalculation and reconciliation.,"For a sample of months, re-perform the interest recalculation and agree the expense to the ledger.",Monthly deposit interest reconciliations,3 of 12 months
BNK-13,Banking and financial institutions,Deposits & Payments,Dormant and Unclaimed Balances,R-BNK-13,"Dormant accounts are reactivated fraudulently, or unclaimed balances are not escheated as required by regulation.",High,Ensure dormant balances are protected from unauthorised access and escheated in accordance with law.,"Accounts meeting the dormancy criteria are automatically blocked from transacting; reactivation requires customer identity verification and approval by a manager independent of branch operations, and unclaimed balances are reported and remitted to the authority on the statutory timetable.",Preventive,IT-Dependent Manual,Monthly,"E/O, C",Control Activities,Yes,Yes,Head of Operations,Branch staff who request reactivation cannot approve it.,"Inspect the dormancy configuration, reactivation approval workflow and escheatment procedure.",Test all reactivations in the period for verification and approval; agree escheatment to statutory deadlines.,Dormant account reactivations and escheatment submissions,All reactivations
BNK-14,Banking and financial institutions,Deposits & Payments,Fee and Charge Application,R-BNK-14,"Customer fees are applied that are not permitted by the product terms, generating remediation liabilities and regulatory censure.",Medium,"Ensure fees charged to customers are permitted, correctly calculated and disclosed.","Fee configuration changes require approval by Product Control and Compliance before activation; monthly, an exception report of manual fee applications and waivers is reviewed by the Head of Operations, and fee income is reconciled to the fee schedule.",Detective,IT-Dependent Manual,Monthly,"A/V, P&D",Control Activities,Yes,No,Head of Operations,Branch staff applying manual fees do not maintain the fee configuration.,Inspect the fee change approval process and the manual fee exception report.,"For a sample of months, re-perform the fee reconciliation and test manual applications and waivers for approval.",Monthly fee reconciliations and manual fee reports,3 of 12 months
BNK-15,Banking and financial institutions,Financial Crime,Sanctions and Watchlist Screening,R-BNK-15,A sanctioned party transacts through the bank because screening lists are stale or matches are cleared without proper review.,High,Ensure customers and payments are screened against current sanctions lists and that matches are properly adjudicated.,"Sanctions lists are updated automatically on publication and screening runs on every customer at onboarding, on the full base after each list update, and on every cross-border payment before release; potential matches are adjudicated by Financial Crime Compliance, not by the business, with dual review on discounted true-match candidates.",Preventive,IT-Dependent Manual,Per Transaction,E/O,Control Activities,Yes,Yes,Head of Financial Crime Compliance,Business and operations staff cannot discount a screening alert.,"Inspect the screening configuration, list update mechanism and alert adjudication workflow.",Re-perform screening on a sample of customers and payments to confirm expected hits; test a sample of discounted alerts for reviewer independence and rationale.,Screening alerts raised during the period,40 alerts
BNK-16,Banking and financial institutions,Financial Crime,Transaction Monitoring,R-BNK-16,Suspicious activity is not detected because monitoring scenarios are not tuned to the bank's risk profile or alerts are closed without investigation.,High,"Ensure transaction monitoring scenarios are appropriate, operating and producing investigated outcomes.",Monitoring scenarios are reviewed and tuned at least annually against the enterprise financial crime risk assessment with results approved by the Financial Crime Committee; alerts are investigated within defined timeframes and closure rationale is subject to quality assurance sampling by a team independent of the investigators.,Detective,IT-Dependent Manual,Monthly,"E/O, C",Monitoring Activities,Yes,Yes,Head of Financial Crime Compliance,Quality assurance reviewers are independent of the analysts whose closures they test.,"Inspect the scenario tuning methodology, committee approval and the quality assurance process.","For a sample of periods, inspect tuning evidence; sample closed alerts and reassess the adequacy of the closure rationale.",Alerts closed during the period and annual tuning documentation,40 alerts
BNK-17,Banking and financial institutions,Financial Crime,Suspicious Activity Reporting,R-BNK-17,"Suspicious activity reports are filed late or not at all, breaching statutory obligations and exposing the bank to enforcement.",High,"Ensure suspicious activity is escalated, decided and reported within statutory deadlines.",Escalations are logged on receipt and the Money Laundering Reporting Officer records a documented decision to report or not report within the internal deadline; filings are tracked against the statutory timetable and overdue items are escalated to the Financial Crime Committee monthly.,Detective,Manual,Monthly,"C, P&D",Information & Communication,Yes,Yes,Money Laundering Reporting Officer,The MLRO decision is independent of the business relationship generating the escalation.,"Inspect the escalation log, decision documentation standard and deadline tracking.","For a sample of escalations, agree the decision documentation and measure elapsed time to filing against the statutory deadline.",Internal escalations and filed reports in the period,25 escalations
BNK-18,Banking and financial institutions,Treasury,Liquidity Ratio Reporting,R-BNK-18,Regulatory liquidity ratios are misstated because the classification of assets and outflow assumptions are applied incorrectly.,High,Ensure regulatory liquidity ratios are calculated on correct classifications and approved assumptions.,"Monthly, Treasury Reporting calculates the liquidity ratios and an independent review by Risk Control verifies asset classification, haircuts and outflow factors against the regulatory rules before submission; the Asset and Liability Committee reviews the results.",Detective,IT-Dependent Manual,Monthly,"A/V, P&D",Control Activities,Yes,No,Treasurer,The preparer of the ratio calculation is independent of the reviewer in Risk Control.,"Inspect the calculation methodology, classification rules and evidence of independent review.","For a sample of months, re-perform the ratio calculation from source data and inspect the review evidence.",Monthly liquidity ratio calculations and submissions,3 of 12 months
BNK-19,Banking and financial institutions,Treasury,Investment Securities Valuation,R-BNK-19,"Securities are valued using stale or unverified prices, misstating the investment portfolio and capital.",High,Ensure securities are valued using independently verified prices at the appropriate fair value level.,"Monthly, an independent price verification is performed by Risk Control against external sources for all portfolio holdings; level 3 valuations require model validation and Valuation Committee approval, and price exceptions above tolerance are escalated before month end close.",Detective,IT-Dependent Manual,Monthly,A/V,Control Activities,Yes,No,Chief Risk Officer,Front office cannot supply the prices used for independent verification.,"Inspect the price verification methodology, tolerance thresholds and Valuation Committee terms of reference.","For a sample of months, re-perform price verification on a sample of holdings and inspect resolution of exceptions.",Monthly independent price verification files,3 of 12 months
BNK-20,Banking and financial institutions,Treasury,Interest Rate Risk in the Banking Book,R-BNK-20,Interest rate risk is understated because behavioural assumptions on non-maturity deposits and prepayment are not validated.,Medium,Ensure interest rate risk measurement uses validated assumptions and remains within approved limits.,"Behavioural assumptions for non-maturity deposits and prepayment are validated at least annually against observed customer behaviour by Model Risk, and quarterly the Asset and Liability Committee reviews interest rate risk measures against board-approved limits with breaches escalated.",Detective,Manual,Quarterly,"A/V, P&D",Risk Assessment,Yes,No,Treasurer,Model owners in Treasury are separate from the Model Risk validation function.,Inspect the assumption validation methodology and ALCO limit framework.,Obtain the most recent validation; re-perform the assumption back-test and inspect ALCO escalation of breaches.,Annual assumption validations and quarterly ALCO packs,2 of 4 quarters
BNK-01,Banking and financial institutions,Credit & Lending,Loan Origination,R-BNK-01,"Loans are advanced to borrowers who do not meet credit policy, or on terms outside delegated lending authority, leading to elevated default and impairment.",High,Ensure credit is granted only within approved policy and delegated lending authority.,"Every credit application is scored and reviewed against the credit policy by an underwriter independent of the relationship manager, and approved at the authority level set by exposure size in the delegated lending authority matrix before funds are released.",Preventive,IT-Dependent Manual,Per Transaction,"E/O, R&O",Control Activities,Yes,Yes,Head of Credit Risk,The relationship manager who originates the application cannot approve it or release the funds.,"Inspect the credit policy, delegated authority matrix and origination workflow to confirm system-enforced approval limits.",Select a sample of loans advanced; agree the approval to the authority matrix and inspect the independent underwriting assessment.,All loans advanced during the period,"40 (per transaction, IT-dependent manual)"
BNK-02,Banking and financial institutions,Credit & Lending,Expected Credit Loss,R-BNK-02,"The expected credit loss allowance is understated because staging criteria, macroeconomic scenarios or post-model overlays are not applied consistently.",High,"Ensure the ECL allowance is calculated using approved models, inputs and overlays, and is subject to independent review.","Quarterly, the Model Risk function independently validates ECL model outputs, staging migration and scenario weightings, and all management overlays are documented, quantified and approved by the Provisions Committee before the allowance is booked.",Detective,Manual,Quarterly,"A/V, C",Risk Assessment,Yes,No,Chief Risk Officer,Model owners in Credit Risk are separate from the Model Risk validation function.,"Inspect the model governance framework, validation reports and Provisions Committee terms of reference.","For a sample of quarters, agree the booked allowance to the approved committee paper and re-perform the overlay calculation.","Quarterly ECL calculations, validation reports and committee minutes",2 of 4 quarters
BNK-03,Banking and financial institutions,Treasury,Regulatory Capital Reporting,R-BNK-03,"Risk-weighted assets are misclassified, misstating the regulatory capital ratio reported to the regulator.",High,Ensure exposures are assigned the correct risk weight and capital returns reconcile to the general ledger.,"Monthly, the Regulatory Reporting Manager reconciles the capital return to the general ledger and to the source exposure systems, and reviews a risk-weight assignment exception report before the Chief Financial Officer signs the return.",Detective,IT-Dependent Manual,Monthly,"A/V, P&D",Control Activities,Yes,No,Head of Regulatory Reporting,Preparer of the return does not approve or submit it.,"Inspect the reconciliation template, the exception report logic and the sign-off protocol.","For a sample of months, re-perform the reconciliation and inspect resolution of risk-weight exceptions.",Monthly regulatory capital returns and reconciliations,3 of 12 months
BNK-04,Banking and financial institutions,Deposits & Payments,Suspense and Nostro Accounts,R-BNK-04,Unreconciled items in suspense and nostro accounts conceal misappropriation or processing errors.,High,Ensure suspense and nostro accounts are reconciled and aged items are cleared and investigated.,Daily nostro and suspense reconciliations are prepared by Operations and reviewed by a supervisor; items ageing beyond 30 days are escalated monthly to the Financial Controller with a documented clearance plan.,Detective,IT-Dependent Manual,Daily,"E/O, A/V, C",Control Activities,Yes,Yes,Financial Controller,The preparer of the reconciliation cannot post clearing entries without independent review.,"Inspect the reconciliation procedure, ageing report and escalation protocol.","For a sample of days, inspect the reconciliation and supervisory review; test the ageing report for items cleared without support.",Daily nostro and suspense reconciliations,25 of the period
INS-01,Insurance,Claims,Claims Handling and Settlement,R-INS-01,"Fraudulent or duplicate claims are settled, or claims are paid outside the handler's settlement authority.",High,Ensure claims are validated against policy cover and settled within delegated authority.,"Each claim is validated against policy cover and the claims system enforces settlement authority by value; claims above the handler limit require review by a claims manager, and all settlements are screened against duplicate and fraud indicator rules before payment release.",Preventive,IT-Dependent Manual,Per Transaction,"E/O, A/V",Control Activities,Yes,Yes,Claims Director,The handler who assesses the claim cannot release the payment.,Inspect the settlement authority configuration and the fraud rule set in the claims system.,"Select a sample of settled claims; agree the settlement to policy cover, authority limit and evidence of fraud screening.",All claims settled during the period,"40 (per transaction, IT-dependent manual)"
INS-02,Insurance,Reserving,IBNR and Case Reserves,R-INS-02,Reserves for incurred but not reported claims are understated through inappropriate development factors or unsupported management adjustments.,High,"Ensure technical reserves are actuarially determined, independently reviewed and adjusted only with documented justification.","Quarterly, the Appointed Actuary calculates reserves using approved methodology; results are peer-reviewed by an independent actuary, and any management adjustment to the actuarial central estimate is documented and approved by the Reserving Committee.",Detective,Manual,Quarterly,"A/V, C",Risk Assessment,Yes,No,Chief Actuary,The reserving actuary is independent of underwriting and claims settlement.,"Inspect the reserving methodology, peer review protocol and Reserving Committee terms of reference.","For a sample of quarters, agree booked reserves to the actuarial report and inspect approval of any management adjustment.",Quarterly actuarial reserve reports and committee minutes,2 of 4 quarters
INS-03,Insurance,Underwriting,Premium Recognition and Unearned Premium,R-INS-03,"Premium is recognised on binding rather than over the policy period, overstating earned premium and understating the unearned premium reserve.",High,Ensure premium is earned over the period of cover and the unearned premium reserve is complete.,"Monthly, the Financial Reporting Manager reconciles written premium from the policy administration system to the general ledger and recalculates the unearned premium reserve on a pro-rata basis, with Controller review of the movement against policy volumes.",Detective,IT-Dependent Manual,Monthly,"CO, A/V",Control Activities,Yes,No,Financial Controller,Preparer of the reserve calculation is independent of underwriting.,Inspect the earning methodology and evidence of Controller review.,Re-perform the unearned premium calculation for a sample of months and agree to the ledger.,Monthly premium reconciliations and UPR calculations,3 of 12 months
INS-04,Insurance,Reinsurance,Reinsurance Recoveries,R-INS-04,"Reinsurance recoveries are not claimed on qualifying losses, or are recognised against treaties that do not cover the loss.",Medium,"Ensure reinsurance recoveries recognised are complete, valid and collectable.","Quarterly, the Reinsurance Manager reconciles ceded losses to treaty terms and to reinsurer confirmations, reviews recovery ageing and reinsurer credit ratings, and the Controller approves any provision against doubtful recoveries.",Detective,Manual,Quarterly,"E/O, R&O, A/V",Control Activities,Yes,No,Reinsurance Manager,Recovery calculation and provision approval are performed by different individuals.,"Inspect the reconciliation approach, ageing review and credit assessment procedure.","For a sample of quarters, agree recoveries to treaty terms and reinsurer confirmations.",Quarterly reinsurance reconciliations and confirmations,2 of 4 quarters
MFG-01,Manufacturing and industrial products,Production & Costing,Standard Cost and Variance,R-MFG-01,"Standard costs are not updated for input price and yield changes, so inventory is misvalued and variances absorb the error.",High,Ensure standard costs remain supportable and material variances are analysed and resolved.,"Annually the Cost Accounting Manager rolls standard costs using current material, labour and overhead rates with Controller approval; monthly, purchase price and usage variances are analysed by cost centre and explanations above threshold are documented and reviewed.",Detective,IT-Dependent Manual,Monthly,A/V,Control Activities,Yes,No,Cost Accounting Manager,Standard cost changes are approved by someone other than the preparer.,"Inspect the standard cost roll procedure, threshold definition and variance review template.","For a sample of months, re-perform variance calculations and inspect documented explanations and review.",Monthly variance analyses and the annual standard cost roll,3 of 12 months
MFG-02,Manufacturing and industrial products,Inventory & Costing,Physical Inventory and Cycle Counts,R-MFG-02,"Recorded inventory quantities differ from physical stock because counts are infrequent, poorly controlled, or adjustments are posted without approval.",High,Ensure inventory quantities are verified by count and adjustments are authorised.,"Cycle counts are performed to a risk-based schedule covering all A-class items quarterly; counters are independent of stores custody, variances above tolerance are recounted, and all inventory adjustments require Plant Controller approval before posting.",Detective,Manual,Monthly,"E/O, C, A/V",Control Activities,Yes,Yes,Plant Controller,Count teams are independent of warehouse custody; the person recounting is not the original counter.,"Inspect the cycle count programme, coverage schedule and adjustment approval workflow.","Attend a count; for a sample of periods, agree count sheets to system adjustments and inspect approval.",Cycle count records and inventory adjustment postings,25 adjustments
MFG-03,Manufacturing and industrial products,Inventory & Costing,Obsolete and Slow-Moving Provision,R-MFG-03,Provision for obsolete and slow-moving inventory is understated because ageing data is inaccurate or engineering change notices are not reflected.,Medium,"Ensure the inventory provision reflects ageing, demand and product lifecycle status.","Quarterly, Supply Chain and Finance jointly review the inventory ageing and slow-moving report against forecast demand and engineering change notices, and the resulting provision is approved by the Controller.",Detective,IT-Dependent Manual,Quarterly,A/V,Control Activities,Yes,No,Financial Controller,Supply chain proposes the provision; Finance independently reviews and approves it.,"Inspect the provision policy, ageing report logic and evidence of joint review.","For a sample of quarters, re-perform the provision using the ageing report and inspect approval.",Quarterly inventory provision calculations and ageing reports,2 of 4 quarters
MFG-04,Manufacturing and industrial products,Quality & Product Safety,Warranty Provision,R-MFG-04,"The warranty provision does not reflect emerging failure rates or an announced recall, understating liabilities.",Medium,Ensure the warranty provision reflects current claims experience and known product issues.,"Quarterly, the Quality Director provides failure rate and claims data by product line to Finance, which recalculates the warranty provision; recalls and known field issues are separately assessed and approved by the Controller.",Detective,Manual,Quarterly,"C, A/V",Control Activities,Yes,No,Financial Controller,Quality data provider is independent of the finance preparer of the provision.,Inspect the provision methodology and the process for capturing field issues and recalls.,"For a sample of quarters, recompute the provision from claims data and inspect Controller approval.",Quarterly warranty provision calculations and quality claims data,2 of 4 quarters
RTL-01,Retail chains,Store Operations,Cash and Point of Sale,R-RTL-01,"Store cash takings are misappropriated or short-banked, concealed through unauthorised voids, refunds and no-sale transactions.",High,"Ensure store takings are complete, banked intact and reconciled to point-of-sale records.","Daily, the store manager reconciles till readings to cash counted and to the banking slip; voids, refunds and no-sale transactions above threshold require supervisor authorisation at the till, and head office reviews an exception report of till variances and refund patterns by store weekly.",Detective,IT-Dependent Manual,Daily,"E/O, C",Control Activities,Yes,Yes,Retail Operations Director,The cashier operating the till does not perform the end-of-day count alone; banking is verified independently at head office.,"Inspect the daily reconciliation procedure, till authorisation configuration and the weekly exception report.","For a sample of store-days, agree till readings to counted cash and bank credit; review exception report follow-up.",Daily store cash reconciliations and weekly exception reports,40 store-days
RTL-02,Retail chains,Merchandising,Vendor Rebates and Trading Terms,R-RTL-02,"Supplier rebates are recognised before the earning conditions are met, overstating margin.",High,Ensure rebate income is recognised only when the contractual conditions are satisfied and is supported by agreements.,"Quarterly, the Commercial Finance Manager reconciles accrued rebates to signed supplier agreements and purchase volumes, and material rebates are confirmed with the supplier before recognition; the Controller reviews and approves the rebate accrual.",Detective,IT-Dependent Manual,Quarterly,"E/O, CO, A/V",Control Activities,Yes,Yes,Financial Controller,Buyers who negotiate rebates do not calculate or approve the accrual.,"Inspect the rebate recognition policy, agreement repository and confirmation process.","For a sample of quarters, agree accrued rebates to signed agreements and volume data; inspect supplier confirmations.",Quarterly rebate accruals and supplier agreements,2 of 4 quarters
RTL-03,Retail chains,Inventory & Costing,Shrinkage and Stock Loss,R-RTL-03,"Inventory shrinkage from theft, process error or supplier short-delivery is absorbed into cost of sales without identification or correction.",High,"Ensure shrinkage is measured by store, investigated and reflected in the financial statements.","Stores are counted at least twice a year by an independent count provider; shrinkage is calculated by store and category, stores above the shrinkage threshold are subject to a loss-prevention review, and the shrinkage accrual between counts is approved by the Controller.",Detective,Manual,Quarterly,"E/O, A/V",Control Activities,Yes,Yes,Loss Prevention Director,Count provider is independent of store management whose results are being measured.,"Inspect the count programme, shrinkage calculation and loss-prevention escalation criteria.","For a sample of stores, agree count results to system adjustments; inspect escalation for stores above threshold.",Store count results and shrinkage accrual calculations,25 stores
RTL-04,Retail chains,Customer Revenue & Loyalty,Gift Cards and Loyalty,R-RTL-04,"Gift card and loyalty liabilities are understated, or breakage is recognised without a supportable redemption history.",Medium,Ensure gift card and loyalty obligations are completely recorded and breakage is supportable.,"Monthly, the Revenue Accountant reconciles the gift card and loyalty liability to the issuing platform, and breakage is recognised only using the redemption pattern approved annually by the Controller and revisited against actual redemption experience.",Detective,IT-Dependent Manual,Monthly,"C, A/V",Control Activities,Yes,No,Revenue Accounting Manager,The person maintaining the loyalty platform does not approve the breakage assumption.,"Inspect the reconciliation, the breakage methodology and evidence of annual reassessment.","For a sample of months, re-perform the reconciliation and recompute breakage on the approved basis.",Monthly liability reconciliations and the annual breakage assessment,3 of 12 months
AVN-01,Aviation and airlines,Flight Revenue,Passenger Revenue and Unflown Tickets,R-AVN-01,"Revenue is recognised on ticket sale rather than on flight, overstating revenue and understating the unflown ticket liability.",High,Ensure passenger revenue is recognised when the flight is flown and the air traffic liability is complete.,"Monthly, the Revenue Accounting Manager reconciles tickets sold, flown, refunded and expired from the revenue accounting system to the air traffic liability in the general ledger, and the Controller reviews the liability movement and the expiry recognition against the approved policy.",Detective,IT-Dependent Manual,Monthly,"CO, C, A/V",Control Activities,Yes,No,Revenue Accounting Manager,Preparer of the liability reconciliation is independent of sales and distribution.,Inspect the revenue recognition policy and the air traffic liability reconciliation template.,"For a sample of months, re-perform the reconciliation and agree flown revenue to flight coupon data.",Monthly air traffic liability reconciliations,3 of 12 months
AVN-02,Aviation and airlines,Ground Operations,Ground Handling Billing,R-AVN-02,"Ground handling services performed for airline customers are not billed, or are billed below the contracted tariff.",High,Ensure all ground handling services performed are captured and billed at contracted rates.,"The station reconciles daily service delivery records to flight movement data, and the billing system prices services from the contracted tariff table; the Station Manager reviews an unbilled services report weekly and approves manual rate overrides.",Detective,IT-Dependent Manual,Weekly,"C, A/V",Control Activities,Yes,No,Station Manager,Staff recording service delivery do not maintain the tariff table.,"Inspect the service capture process, tariff configuration and unbilled report.","For a sample of weeks, reconcile flight movements to services billed and re-price a sample of invoices to contract.",Weekly service delivery and billing reconciliations,25 of 52 weeks
AVN-03,Aviation and airlines,Fleet & Engineering,Maintenance Reserves and Component Overhaul,R-AVN-03,Provisions for scheduled airframe and engine overhauls on leased aircraft are misstated because utilisation or overhaul cost assumptions are outdated.,High,Ensure maintenance provisions reflect actual utilisation and current overhaul cost estimates.,"Quarterly, Engineering supplies flight hours and cycles by aircraft and the latest overhaul cost estimates; Finance recalculates the maintenance provision per lease terms and the Controller approves changes to the cost assumption.",Detective,IT-Dependent Manual,Quarterly,"A/V, C",Control Activities,Yes,No,Financial Controller,Engineering provides utilisation data; Finance independently calculates and Controller approves.,Inspect the provisioning methodology against lease return conditions and the assumption approval process.,"For a sample of quarters, recompute the provision using utilisation data and approved cost assumptions.",Quarterly maintenance provision calculations and utilisation reports,2 of 4 quarters
AVN-04,Aviation and airlines,Fuel & Hedging,Fuel Procurement and Hedging,R-AVN-04,"Fuel hedge accounting is applied to instruments that do not qualify, or hedge positions exceed the mandate approved by the board.",Medium,Ensure fuel hedging operates within the approved mandate and hedge accounting is properly supported.,"Monthly, Treasury reports open hedge positions against the board-approved mandate limits, and hedge effectiveness testing and documentation are prepared by Financial Reporting and reviewed by the Controller before hedge accounting is applied.",Detective,Manual,Monthly,"A/V, P&D",Control Activities,Yes,No,Treasurer,The dealer executing hedges does not perform effectiveness testing or confirm positions.,"Inspect the treasury mandate, hedge documentation standard and effectiveness testing methodology.","For a sample of months, agree open positions to the mandate and inspect effectiveness testing documentation.",Monthly hedge position reports and effectiveness testing files,3 of 12 months
HSP-01,Hospitality and hotels,Rooms Revenue,Rate and Reservation Integrity,R-HSP-01,"Room revenue is lost through unauthorised rate discounts, comped rooms and unrecorded occupancy at the front desk.",High,Ensure rooms occupied are recorded and billed at authorised rates.,"The property management system restricts discount and complimentary room codes to authorised users; the Night Auditor reconciles rooms physically occupied to rooms billed each night, and the General Manager reviews a daily exception report of comps, rate overrides and zero-rate stays.",Detective,IT-Dependent Manual,Daily,"C, E/O, A/V",Control Activities,Yes,Yes,General Manager,The front desk agent granting a rate override cannot approve their own override.,Inspect user rights over rate codes and the night audit reconciliation procedure.,"For a sample of nights, agree occupied rooms to rooms billed and inspect GM review of the exception report.",Nightly night-audit packs and exception reports,25 nights
HSP-02,Hospitality and hotels,Food & Beverage,Inventory and Pour Cost,R-HSP-02,"Food and beverage stock is consumed without sale through theft, over-pouring or unrecorded staff consumption.",High,Ensure food and beverage cost of sales reflects genuine sales and variances are investigated.,"Monthly, the Food and Beverage Controller counts stock, calculates theoretical versus actual cost of sales by outlet, and outlets exceeding the variance tolerance are investigated with the outlet manager and reported to the General Manager.",Detective,Manual,Monthly,"E/O, A/V",Control Activities,Yes,Yes,Food and Beverage Controller,The person counting stock is independent of the outlet whose variance is being measured.,"Inspect the costing methodology, tolerance thresholds and investigation protocol.","For a sample of months, re-perform the theoretical cost calculation and inspect investigation of outlier outlets.",Monthly stock counts and cost variance reports,3 of 12 months
HSP-03,Hospitality and hotels,Rooms Revenue,Loyalty and Advance Deposits,R-HSP-03,"Advance deposits and loyalty point liabilities are not recognised, understating liabilities and overstating revenue.",Medium,Ensure advance deposits and loyalty obligations are recorded until the stay is delivered.,"Monthly, the Financial Controller reconciles the advance deposit and loyalty liability accounts to the property management and loyalty systems, and reviews the ageing of deposits held for stays that have already passed.",Detective,IT-Dependent Manual,Monthly,"C, CO",Control Activities,Yes,No,Financial Controller,Reconciliation preparer does not process deposit refunds.,Inspect the reconciliation template and the ageing review of expired deposits.,"For a sample of months, re-perform the reconciliation and test the release of aged deposits to revenue.",Monthly deposit and loyalty reconciliations,3 of 12 months
HSP-04,Hospitality and hotels,Property Operations,Capital Projects and FF&E,R-HSP-04,"Refurbishment spend is capitalised when it is repair in nature, or project costs exceed approved budgets without escalation.",Medium,"Ensure property capital expenditure is authorised, correctly classified and monitored against budget.","Each capital project is approved against a business case at the authority level set by value; monthly, the Project Accountant reports actual against approved spend, and the Controller reviews the capital versus repairs classification for material additions before posting.",Preventive,Manual,Monthly,"E/O, A/V",Control Activities,Yes,No,Financial Controller,Project managers requesting spend do not approve capitalisation treatment.,Inspect the capital approval framework and the classification review process.,"For a sample of additions, agree to approval, inspect the classification assessment and agree spend to budget.",Capital additions and monthly project reports,25 additions
ECM-01,E-commerce,Online Revenue,Payment Gateway Reconciliation,R-ECM-01,"Amounts collected by payment providers do not reconcile to orders recorded, so revenue and cash are misstated and shortfalls go undetected.",High,Ensure all customer orders are matched to settled funds and differences are investigated.,"Daily, the Revenue Operations Analyst reconciles order value in the commerce platform to gateway settlement reports and to bank credits, and unmatched items are aged and escalated to the Financial Controller weekly.",Detective,IT-Dependent Manual,Daily,"C, E/O, A/V",Control Activities,Yes,Yes,Financial Controller,The person performing the reconciliation cannot post adjustments without review.,"Inspect the three-way reconciliation design between platform, gateway and bank.","For a sample of days, re-perform the reconciliation and inspect resolution of unmatched items.",Daily gateway reconciliations,25 days
ECM-02,E-commerce,Online Revenue,Chargebacks and Payment Fraud,R-ECM-02,"Fraudulent orders are fulfilled and later charged back, and losses are absorbed without adjusting fraud screening rules.",High,Ensure fraud screening operates effectively and chargeback losses are monitored and acted on.,"Orders are scored by the fraud screening engine before fulfilment, with holds above the risk threshold reviewed manually; monthly, the Risk Manager analyses chargeback reason codes and rates by channel and reports rule changes to the Financial Controller.",Preventive,IT-Dependent Manual,Per Transaction,"E/O, A/V",Control Activities,Yes,Yes,Risk Manager,"Manual release of held orders is performed by risk staff, not by sales or fulfilment.","Inspect the screening rule set, threshold configuration and manual review workflow.",Select a sample of released high-risk orders and inspect the documented review; recompute chargeback rates.,Held-order review records and monthly chargeback analyses,40 released orders
ECM-03,E-commerce,Fulfilment,Returns and Refunds,R-ECM-03,"Refunds are issued without the goods being returned, or are issued to accounts other than the original payment method.",High,Ensure refunds are issued only for validated returns and to the original payment method.,"The commerce platform restricts refunds to the original payment method and requires a matched return receipt in the warehouse system; refunds without a matched return require supervisor approval, and a daily exception report of these is reviewed by the Customer Operations Manager.",Preventive,IT-Dependent Manual,Per Transaction,"E/O, A/V",Control Activities,Yes,Yes,Customer Operations Manager,Agents issuing refunds cannot amend the return receipt record.,Inspect the refund workflow configuration and the exception approval path.,Select a sample of refunds; agree to matched returns or documented supervisor approval.,All refunds issued in the period,40 refunds
ECM-04,E-commerce,Marketplace & Content,Third-Party Seller Settlements,R-ECM-04,"Marketplace seller settlements are calculated on incorrect commission or fee terms, misstating net revenue and seller payables.",Medium,Ensure marketplace settlements reflect contracted commission and fee terms.,"Monthly, the Marketplace Finance Analyst recalculates a risk-based sample of seller settlements against contracted commission rates and reconciles the seller payable balance to the platform ledger, with Controller review of the reconciliation.",Detective,IT-Dependent Manual,Monthly,"A/V, C",Control Activities,Yes,No,Financial Controller,Commercial staff who negotiate seller terms do not calculate settlements.,Inspect the settlement calculation logic and reconciliation template.,"For a sample of months, recompute settlements to contract and agree the payable to the ledger.",Monthly seller settlement runs and reconciliations,3 of 12 months
FMC-01,FMCG and consumer goods,Trade Spend,Trade Promotions and Deductions,R-FMC-01,"Trade promotion accruals are understated and customer deductions are settled without validation, overstating net revenue.",High,Ensure trade spend is accrued when the promotion is run and deductions are validated before settlement.,"Monthly, the Trade Finance Manager accrues promotional spend from approved promotion plans and shipment volumes, and customer deductions are matched to an approved promotion before clearing; unmatched deductions above threshold are disputed and escalated.",Detective,IT-Dependent Manual,Monthly,"C, CO, A/V",Control Activities,Yes,Yes,Trade Finance Manager,Sales staff approving promotions do not clear the related customer deductions.,Inspect the accrual methodology and the deduction matching and dispute workflow.,"For a sample of months, re-perform the accrual and trace a sample of cleared deductions to approved promotions.",Monthly trade accruals and deduction clearing records,3 of 12 months
FMC-02,FMCG and consumer goods,Distribution,Distributor Sales and Channel Stuffing,R-FMC-02,"Sales are pushed into the distributor channel at period end beyond genuine demand, pulling forward revenue that later reverses as returns.",High,Ensure revenue reflects genuine sell-through and period-end shipment patterns are scrutinised.,"Monthly, the Commercial Controller analyses shipment volumes in the final week against the period average by distributor, reviews distributor inventory and sell-through data, and material period-end spikes require documented commercial justification approved by the Chief Financial Officer.",Detective,IT-Dependent Manual,Monthly,"CO, E/O",Control Activities,Yes,Yes,Commercial Controller,Sales leadership whose targets are affected do not approve their own justification.,"Inspect the analysis methodology, sell-through data source and escalation criteria.","For a sample of period ends, re-perform the shipment pattern analysis and inspect justification and approval.",Monthly period-end shipment analyses,3 of 12 months
FMC-03,FMCG and consumer goods,Quality & Product Safety,Product Recall and Traceability,R-FMC-03,"A contaminated or defective batch cannot be traced and withdrawn quickly, extending consumer harm and financial exposure.",High,Ensure batch traceability is maintained end to end and recall capability is tested.,"Batch codes are captured at production, warehousing and despatch, and the Quality Director performs a documented mock recall at least annually, tracing a batch forward to customers and back to raw materials within the target time, with gaps remediated.",Preventive,IT-Dependent Manual,Annual,"C, E/O",Risk Assessment,Yes,No,Quality Director,The mock recall is assessed by quality assurance independently of the operations team executing it.,Inspect the traceability design and the mock recall procedure and target times.,Obtain the most recent mock recall report; re-perform the trace for one batch and test remediation of identified gaps.,Annual mock recall exercises,1 of 1
FMC-04,FMCG and consumer goods,Inventory & Costing,Short-Dated and Expired Stock,R-FMC-04,"Finished goods approaching expiry are not provided for or withdrawn, overstating inventory and risking sale of out-of-date product.",Medium,"Ensure short-dated and expired stock is identified, provided for and withdrawn from sale.","Weekly, the Supply Chain Planner reviews the stock ageing and shelf-life report, blocks stock inside the minimum remaining-life window from despatch in the system, and Finance provides for short-dated stock monthly with Controller approval.",Detective,IT-Dependent Manual,Weekly,"A/V, E/O",Control Activities,Yes,No,Financial Controller,Planners blocking stock do not approve the resulting provision.,Inspect the shelf-life blocking configuration and the provisioning policy.,"For a sample of periods, test that blocked stock was not despatched and re-perform the provision.",Weekly shelf-life reports and monthly provisions,25 of 52 weeks
UTL-01,"Utilities, power and water",Customer Operations,Metering and Unbilled Revenue,R-UTL-01,"Consumption is estimated rather than metered and the unbilled revenue accrual is unsupported, misstating revenue.",High,Ensure billed consumption reflects metered usage and unbilled revenue is supportable.,"Monthly, the Revenue Assurance Manager reconciles energy delivered into the network to energy billed plus estimated unbilled plus technical losses, and reviews the proportion of accounts on estimated reads with the Controller approving the unbilled accrual.",Detective,IT-Dependent Manual,Monthly,"C, CO, A/V",Control Activities,Yes,No,Revenue Assurance Manager,Metering operations staff do not prepare or approve the revenue accrual.,Inspect the energy balance methodology and the unbilled accrual basis.,"For a sample of months, re-perform the energy balance and recompute the unbilled accrual.",Monthly energy balances and unbilled accruals,3 of 12 months
UTL-02,"Utilities, power and water",Regulated Operations,Regulatory Reporting and Tariffs,R-UTL-02,"Tariffs are applied outside the regulator-approved schedule, or regulatory returns misstate performance, triggering penalties and rebates.",High,Ensure customer tariffs and regulatory submissions comply with the approved determination.,"Tariff changes are configured only from the regulator-approved schedule with independent verification of the configuration before activation, and the Regulatory Affairs Manager reviews each periodic return against source data before submission.",Preventive,IT-Dependent Manual,Event Driven,"A/V, P&D",Control Activities,Yes,No,Head of Regulatory Affairs,The person configuring the tariff table does not verify or activate it.,Inspect the tariff change procedure and the return review protocol.,"For all tariff changes in the period, agree configuration to the approved schedule and inspect independent verification.",Tariff change records and regulatory submissions,All changes in the period
UTL-03,"Utilities, power and water",Asset Management,Capital Works and Asset Capitalisation,R-UTL-03,"Network capital projects are capitalised before assets are commissioned, or overhead is over-absorbed into capital, overstating the asset base.",High,Ensure network assets are capitalised only when available for use and at supportable cost.,"Monthly, the Fixed Asset Manager reviews work in progress ageing and evidence of commissioning before transferring projects to fixed assets, and the overhead absorption rate applied to capital is approved annually by the Controller.",Detective,IT-Dependent Manual,Monthly,"E/O, A/V, CO",Control Activities,Yes,No,Fixed Asset Manager,Project engineers confirming commissioning are independent of the capitalisation posting.,"Inspect the capitalisation policy, WIP ageing review and overhead rate approval.","For a sample of transfers, agree to commissioning evidence and recompute overhead absorbed.",Monthly WIP reviews and capitalisation transfers,25 transfers
UTL-04,"Utilities, power and water",Trading & Commodity,Energy Trading and Position Limits,R-UTL-04,"Energy trading positions breach approved risk limits, or trades are mispriced against the market curve.",High,Ensure trading operates within approved limits and positions are independently valued.,"Daily, the independent Risk Control function revalues open positions against an externally sourced forward curve, reports exposures against board-approved limits, and breaches are escalated same day to the Chief Risk Officer.",Detective,IT-Dependent Manual,Daily,"A/V, E/O",Control Activities,Yes,Yes,Chief Risk Officer,Risk Control is organisationally independent of the trading desk it monitors.,"Inspect the limit framework, curve sourcing and escalation protocol.","For a sample of days, re-perform the revaluation and inspect breach escalation evidence.",Daily position and limit reports,25 days
TEL-01,Telecommunications,Service Revenue,"Rating, Mediation and Revenue Assurance",R-TEL-01,"Usage records are lost or mis-rated between the network and billing, so services delivered are never billed.",High,Ensure usage captured by the network is completely and accurately rated and billed.,"Daily, the Revenue Assurance team reconciles call and data records from network elements through mediation to the billing system, investigating record loss above tolerance, and reports leakage monthly to the Chief Financial Officer.",Detective,IT-Dependent Manual,Daily,"C, A/V",Control Activities,Yes,No,Head of Revenue Assurance,Revenue Assurance is independent of network operations and billing.,"Inspect the end-to-end reconciliation design, tolerance levels and escalation route.","For a sample of days, re-perform the record count reconciliation and inspect investigation of variances.",Daily mediation reconciliations,25 days
TEL-02,Telecommunications,Service Revenue,Interconnect and Roaming Settlement,R-TEL-02,Amounts due from other operators for interconnect and roaming traffic are understated or not disputed within the settlement window.,High,"Ensure interconnect and roaming balances are complete, agreed and settled on time.","Monthly, the Interconnect Manager reconciles outgoing and incoming traffic to partner operator statements, raises disputes within the contractual window, and the Controller reviews the ageing of unresolved disputes and related provisions.",Detective,IT-Dependent Manual,Monthly,"C, A/V, E/O",Control Activities,Yes,No,Financial Controller,The person raising disputes does not approve write-offs of disputed balances.,Inspect the settlement reconciliation process and dispute window monitoring.,"For a sample of months, agree balances to partner statements and inspect dispute records and provisions.",Monthly interconnect and roaming reconciliations,3 of 12 months
TEL-03,Telecommunications,Customer Operations,Subscriber Provisioning and Credit,R-TEL-03,"Services are activated for subscribers who fail credit vetting, or remain active long after non-payment, inflating receivables and bad debt.",High,Ensure activation follows credit policy and non-paying subscribers are suspended on schedule.,"The provisioning system enforces a credit decision before activation, and the dunning process automatically restricts and then suspends services at the policy-defined ageing points; manual overrides require Credit Manager approval and are reported monthly.",Preventive,IT-Dependent Manual,Per Transaction,"E/O, A/V",Control Activities,Yes,Yes,Credit Manager,Sales staff cannot override a credit decision or delay suspension.,Inspect the credit workflow configuration and dunning rule set.,Select a sample of activations and overrides; agree to credit decisions and approvals; test suspension timing against policy.,Activations and dunning overrides in the period,40 items
TEL-04,Telecommunications,Network & Infrastructure,Network Asset Capitalisation and Impairment,R-TEL-04,"Network equipment that is decommissioned or superseded by technology change remains on the balance sheet, overstating assets.",Medium,Ensure network assets reflect equipment actually deployed and in service.,"Annually, Network Engineering performs a physical verification of deployed network elements against the fixed asset register, and assets identified as decommissioned or obsolete are retired or impaired with Controller approval.",Detective,Manual,Annual,"E/O, A/V",Control Activities,Yes,No,Financial Controller,Engineering verifies existence; Finance independently posts retirements and impairments.,Inspect the verification programme and retirement approval process.,Obtain the most recent verification; test exceptions through to retirement or impairment postings.,Annual network asset verifications,1 of 1
HR-01,All industries,Human Resources,Employee Master Data,R-HR-01,"Unauthorised changes to employee master data — salary, bank details, status — result in incorrect or fraudulent payments.",High,Ensure changes to employee master data are authorised and independently verified before they affect pay.,"All changes to salary, bank details and employment status are entered by HR Operations from an authorised change form and independently verified against source documentation by a second HR officer before the next payroll run; a system-generated change report is reviewed by the HR Manager each period.",Preventive,IT-Dependent Manual,Per Transaction,"E/O, A/V",Control Activities,Yes,Yes,HR Operations Manager,"The person entering the master data change cannot verify or approve it, and neither may release the payroll payment.","Inspect the change authorisation form, verification requirement and the period-end change report.",Select a sample of master data changes; agree each to an authorised form and evidence of independent verification.,All employee master data changes in the period,40 changes
HR-02,All industries,Human Resources,Incentive and Bonus Accrual,R-HR-02,"Bonus and incentive accruals are not supported by approved plans or actual performance outcomes, misstating employment costs.",Medium,Ensure incentive accruals reflect approved plan terms and the current performance outcome.,"Quarterly, the Reward Manager calculates the incentive accrual from approved plan rules and the latest performance forecast, and the Financial Controller reviews the calculation against plan documentation and prior-period trends before posting.",Detective,Manual,Quarterly,"C, A/V",Control Activities,Yes,No,Financial Controller,The preparer of the accrual is not a participant in the plan being accrued.,"Inspect the accrual methodology, plan documentation and evidence of Controller review.","For a sample of quarters, re-perform the accrual from plan rules and performance data.",Quarterly incentive accrual calculations,2 of 4 quarters
HR-03,All industries,Human Resources,Termination and Severance,R-HR-03,"Severance and termination payments are made outside policy or delegated authority, or leavers continue to be paid after their exit date.",High,"Ensure termination payments are authorised, calculated correctly, and that pay ceases on the exit date.","Termination payments are calculated by HR from the employment contract and policy, approved at the authority level set by value, and a leaver exception report comparing termination dates to the payroll master is reviewed by the HR Manager before each payroll run.",Preventive,IT-Dependent Manual,Per Transaction,"E/O, A/V, CO",Control Activities,Yes,Yes,HR Director,The manager initiating the termination does not approve the settlement amount alone.,Inspect the severance authority matrix and the leaver exception report design.,"Select a sample of terminations; recompute the settlement, agree the approval, and test that pay ceased on the exit date.",All terminations in the period,25 terminations
TL-REV-01,Transportation and logistics,Freight Revenue & Billing,Revenue Recognition,R-TL-REV-01,"Freight revenue is recognised on despatch rather than over the transit period, overstating revenue at period end for shipments still in transit.",High,"Ensure freight revenue is recognised as the performance obligation is satisfied, with in-transit shipments deferred.","At each month end the Revenue Accounting Manager calculates the in-transit revenue deferral using the delivered-versus-despatched shipment report and average transit days by lane, and reviews the calculation against the prior month and volume trends before posting.",Detective,IT-Dependent Manual,Monthly,"CO, A/V",Control Activities,Yes,No,Revenue Accounting Manager,Preparer of the deferral calculation is independent of operations reporting shipment status.,Inspect the deferral methodology and confirm it reflects the transit-period recognition policy under IFRS 15 / ASC 606.,"For a sample of months, re-perform the deferral using the underlying shipment report and agree the journal entry posted.",Monthly in-transit deferral calculations and supporting shipment reports,3 of 12 months
TL-REV-02,Transportation and logistics,Freight Revenue & Billing,Fuel Surcharge,R-TL-REV-02,"Fuel surcharge is billed at a rate inconsistent with the published index or the contractual cap, misstating revenue.",Medium,Ensure the fuel surcharge applied in billing agrees to the published index and contractual terms.,"Weekly, the Pricing Analyst updates the fuel surcharge table from the published index and a second analyst independently agrees the uploaded rate to the index source before the table is activated in the rate engine.",Preventive,IT-Dependent Manual,Weekly,A/V,Control Activities,Yes,No,Pricing Manager,Preparer of the rate upload cannot approve activation of the rate table.,Inspect the surcharge procedure and rate engine configuration confirming dual sign-off before activation.,Select a sample of weeks; agree the activated surcharge rate to the published index and inspect independent review evidence.,Weekly fuel surcharge table updates,25 of 52 weeks
TL-REV-03,Transportation and logistics,Freight Revenue & Billing,Unbilled Revenue,R-TL-REV-03,"Delivered shipments remain unbilled at period end and unbilled revenue is not accrued, understating revenue and receivables.",High,Ensure all delivered but uninvoiced shipments are identified and accrued at period end.,"At month end the Billing Manager reviews the aged unbilled shipment report, investigates items ageing beyond five days, and the Controller reviews and approves the resulting unbilled revenue accrual.",Detective,IT-Dependent Manual,Monthly,"C, A/V",Control Activities,Yes,No,Controller,Billing staff resolving unbilled items do not approve the accrual.,Inspect the unbilled reporting process and evidence of Controller review and approval.,"For a sample of months, agree the accrual to the aged unbilled report and inspect investigation of aged items.",Monthly unbilled shipment reports and accrual journals,3 of 12 months
TL-COST-01,Transportation and logistics,Network Operations,Purchased Transportation Accrual,R-TL-COST-01,"Purchased transportation costs for moves completed but not yet invoiced by carriers are omitted, understating cost of sales.",High,Ensure accrued purchased transportation is complete and based on contracted rates.,"At month end the Transportation Controller accrues purchased transportation for completed loads without carrier invoices, valued at the rate confirmation, and reviews the accrual against subsequent invoicing in the following month (lookback analysis).",Detective,IT-Dependent Manual,Monthly,"C, CO",Control Activities,Yes,No,Transportation Controller,Operations staff confirming load completion are independent of the accrual preparer.,Inspect the accrual methodology and the lookback analysis comparing prior accruals to actual invoices.,Re-perform the accrual for a sample of months from the completed-load report and rate confirmations; review lookback variances.,Monthly purchased transportation accruals and lookback analyses,3 of 12 months
TL-CLM-01,Transportation and logistics,Cargo Claims,Claims Provision,R-TL-CLM-01,The provision for cargo loss and damage claims is understated because reported incidents are not fully captured or are valued below expected settlement.,Medium,Ensure the cargo claims provision reflects all reported incidents at an appropriate estimate of settlement value.,"Quarterly, the Claims Manager reconciles the claims register to the OS&D incident log and to the general ledger provision, and the Controller reviews the actuarial or historical settlement-ratio assumption applied to open claims.",Detective,Manual,Quarterly,"C, A/V",Control Activities,Yes,No,Controller,Claims handlers who set individual reserves do not approve the aggregate provision assumption.,Inspect the reconciliation template and evidence of Controller review of the settlement assumption.,"For a sample of quarters, re-perform the reconciliation and recompute the provision using the approved settlement ratio.",Quarterly claims reconciliations and provision calculations,2 of 4 quarters
TL-FA-01,Transportation and logistics,Fleet & Asset Management,Fleet Depreciation & Residuals,R-TL-FA-01,"Vehicle useful lives and residual values are not revised for changes in fleet strategy or used-vehicle markets, misstating depreciation.",Medium,Ensure fleet useful lives and residual values remain supportable and are reviewed at least annually.,Annually the Fixed Asset Manager compares realised disposal proceeds against carried residual values by vehicle class and presents proposed revisions to the Controller for approval before the depreciation run is updated.,Detective,IT-Dependent Manual,Annual,A/V,Control Activities,Yes,No,Fixed Asset Manager,Preparer of the residual analysis does not approve the change to master data.,Inspect the annual review procedure and evidence of Controller approval of assumption changes.,Obtain the most recent review; recompute the proceeds-to-residual comparison and agree approved changes to the asset master.,Annual fleet residual value reviews,1 of 1
P2P-01,All industries,Procure to Pay,Vendor Master,R-P2P-01,"Fictitious or unauthorised vendors are created in the vendor master, enabling payments for goods or services never received.",High,Ensure all vendor master additions and changes are validated and authorised before activation.,All new vendors and changes to existing vendor bank details are independently verified against supporting documentation and approved by the Vendor Master Supervisor before the record is activated in the ERP.,Preventive,IT-Dependent Manual,Per Transaction,"E/O, R&O",Control Activities,Yes,Yes,Vendor Master Supervisor,Requestor of a vendor change must not be the approver; neither may process payments.,Inspect the vendor maintenance procedure and ERP workflow configuration to confirm approval is required before activation.,Select a sample of vendor additions and bank detail changes; inspect evidence of independent verification and approval prior to activation.,ERP vendor master change log for the period,"25 (per transaction, manual)"
P2P-02,All industries,Procure to Pay,Vendor Master,R-P2P-02,"Dormant, duplicate or superseded vendor records remain active and are used to route improper payments.",Medium,Ensure the vendor master remains accurate and free of duplicate or dormant records.,"The AP Manager performs a quarterly review of the vendor master for duplicates, dormant vendors and incomplete records, and initiates deactivation where required. Review is evidenced and retained.",Detective,Manual,Quarterly,"E/O, A/V",Monitoring Activities,No,Yes,Accounts Payable Manager,Reviewer must be independent of vendor master maintenance.,"Inspect the review template and confirm it addresses duplicates, dormancy and completeness.","For each quarter in the period, inspect the completed review, exceptions identified, and evidence of follow-up action.",Quarterly vendor master review files,All quarters in period (4)
P2P-03,All industries,Procure to Pay,Access & SoD,R-P2P-03,"A single individual can create a vendor and release a payment to it, allowing undetected misappropriation.",High,Ensure incompatible duties within the purchasing and payment cycle are segregated in the ERP.,ERP role configuration prevents any single user from holding both vendor master maintenance and payment release entitlements. Conflicts are blocked at role assignment.,Preventive,Automated,Per Transaction,"E/O, R&O",Control Activities,Yes,Yes,IT Security / ERP Access Administrator,This control is itself the segregation mechanism; changes to the SoD ruleset require independent approval.,Inspect the SoD ruleset configuration and confirm the conflict pair is defined and set to block rather than warn.,"Attempt assignment of a conflicting role in a test client, or inspect system evidence that conflicting assignments were rejected during the period. Inspect any approved mitigating-control exceptions.",ERP role conflict report and access change log,Full population (automated) plus all exceptions
P2P-04,All industries,Procure to Pay,Requisition,R-P2P-04,"Goods or services are committed without authorisation, resulting in unapproved expenditure.",Medium,Ensure all purchase requisitions are approved in accordance with the delegation of authority.,The ERP workflow routes every purchase requisition for electronic approval according to the delegation of authority matrix based on value and cost centre. Requisitions cannot convert to a purchase order without approval.,Preventive,Automated,Per Transaction,"E/O, A/V",Control Activities,Yes,No,Procurement Manager,Requestor cannot self-approve; workflow enforces a different approver.,Inspect the delegation of authority matrix and reconcile approval thresholds configured in the workflow to it.,Select a sample of requisitions across value bands; inspect system approval history for approval by an authorised approver prior to PO creation. Test the configuration for a low and high value band.,ERP requisition table for the period,"25 configuration-supported, or full population testing"
P2P-05,All industries,Procure to Pay,Purchase Order,R-P2P-05,"Purchase orders are issued without an approved requisition, bypassing the authorisation process.",Medium,Ensure purchase orders originate only from approved requisitions.,The ERP prevents creation of a purchase order that is not linked to an approved requisition. Free-text POs are disabled for all users other than an approved emergency-purchase role.,Preventive,Automated,Per Transaction,E/O,Control Activities,Yes,No,Procurement Manager,Emergency-purchase role holders must not approve their own POs.,Inspect ERP configuration confirming the requisition-to-PO link is mandatory.,Inspect a system-generated listing of POs without a linked requisition for the period and evaluate each. Re-perform by attempting PO creation without a requisition.,ERP purchase order table,Full population exception report
P2P-06,All industries,Procure to Pay,Invoice Processing,R-P2P-06,"Invoices are paid for goods or services not ordered or not received, or at incorrect prices or quantities.",High,Ensure invoices are matched to an approved purchase order and evidence of receipt before payment.,"The ERP performs an automated three-way match of purchase order, goods receipt and supplier invoice. Invoices failing the match are blocked from payment and routed to an exception queue.",Preventive,Automated,Per Transaction,"E/O, C, A/V",Control Activities,Yes,Yes,Accounts Payable Manager,AP processors cannot override a match block; override requires AP Manager entitlement.,"Inspect the match configuration, including which document types are subject to match and the block behaviour on failure.",Re-perform the match on a sample of invoices. Inspect the exception queue for the period to confirm blocked invoices were not released without resolution.,ERP invoice register and match exception log,"25, plus full review of overrides"
P2P-07,All industries,Procure to Pay,Invoice Processing,R-P2P-07,"Match tolerances are set too wide or exceptions are cleared without investigation, allowing overpayment.",Medium,Ensure match exceptions and tolerance settings are reviewed and resolved appropriately.,"Match tolerance parameters are configured centrally and changes require approval. The AP Manager reviews and clears the match exception report weekly, evidencing investigation and resolution of each item.",Detective,IT-Dependent Manual,Weekly,A/V,Control Activities,Yes,Yes,Accounts Payable Manager,Reviewer must be independent of invoice entry.,Inspect the tolerance configuration and the change-approval process. Inspect the exception review template.,Select a sample of weekly reviews; inspect evidence of investigation and resolution. Inspect all tolerance parameter changes in the period for approval.,Weekly match exception reports; tolerance change log,"25 weeks, or all if fewer"
P2P-08,All industries,Procure to Pay,Goods Receipt,R-P2P-08,"Goods or services received are not recorded, understating liabilities and expenses in the correct period.",High,Ensure receipts are recorded completely and in the period in which they occur.,Warehouse personnel record goods receipt in the ERP against the purchase order at the point of delivery. The ERP records the receipt date independently of the user-entered date.,Preventive,IT-Dependent Manual,Per Transaction,"C, CO",Control Activities,Yes,No,Warehouse Supervisor,Receiving function segregated from purchasing and from invoice approval.,Inspect the receiving procedure and confirm system date capture is independent of user entry.,Select a sample of deliveries from carrier documentation and trace to timely recording in the ERP. Test period-end cutoff either side of the reporting date.,Goods receipt table; carrier delivery documentation,"25, plus cutoff testing at period end"
P2P-09,All industries,Procure to Pay,Invoice Processing,R-P2P-09,"Duplicate invoices are entered and paid twice, overstating expenses and cash outflows.",Medium,Ensure duplicate invoices are prevented from being recorded.,"The ERP blocks entry of an invoice where vendor, invoice number, date and amount match an existing document. Blocked entries are logged and require AP Manager review to release.",Preventive,Automated,Per Transaction,"E/O, A/V",Control Activities,Yes,Yes,Accounts Payable Manager,Releasing a duplicate block requires an entitlement not held by invoice processors.,"Inspect the duplicate check configuration, including which fields form the match key.",Attempt entry of a known duplicate in a test client. Inspect the log of blocked and released duplicates for the period and evaluate each release.,ERP duplicate block log,Full population of releases
P2P-10,All industries,Procure to Pay,Invoice Processing,R-P2P-10,Invoices without a purchase order are approved by individuals without appropriate authority.,High,Ensure non-PO invoices are approved in line with the delegation of authority.,"Non-PO invoices are routed through the ERP workflow for approval by cost centre owner and, above threshold, by a second approver, in accordance with the delegation of authority matrix.",Preventive,IT-Dependent Manual,Per Transaction,"E/O, A/V",Control Activities,Yes,Yes,Financial Controller,Approver cannot be the invoice requestor or the payment releaser.,Reconcile workflow approval thresholds to the delegation of authority matrix.,Select a sample of non-PO invoices across value bands; inspect approval history for approval by an authorised approver prior to payment.,ERP non-PO invoice listing,25 across value bands
P2P-11,All industries,Procure to Pay,Period End,R-P2P-11,"Goods received but not invoiced at period end are not accrued, understating liabilities.",High,Ensure the goods received not invoiced accrual is complete and accurate at each period end.,"At each month end the Financial Accountant prepares the GR/IR accrual from the system-generated aged goods-received-not-invoiced report, investigates aged items, and the Financial Controller reviews and approves the accrual and supporting reconciliation.",Detective,IT-Dependent Manual,Monthly,"C, A/V, CO",Control Activities,Yes,No,Financial Controller,Preparer and reviewer must be different individuals.,Inspect the accrual methodology and the aged GR/IR report definition.,"Select a sample of month ends; re-perform the accrual calculation from the underlying report and inspect evidence of review and approval, including investigation of aged items.",Monthly GR/IR reports and accrual workpapers,3 to 5 month ends
P2P-12,All industries,Procure to Pay,Period End,R-P2P-12,"The accounts payable subledger does not agree to the general ledger, indicating unrecorded or erroneous transactions.",High,Ensure the AP subledger reconciles to the general ledger each period.,"The Financial Accountant reconciles the AP subledger to the general ledger control account monthly. Reconciling items are identified, explained and cleared. The Financial Controller reviews and approves the reconciliation.",Detective,IT-Dependent Manual,Monthly,"C, A/V",Control Activities,Yes,No,Financial Controller,Preparer independent of reviewer; neither posts manual journals to the AP control account.,Inspect the reconciliation template and the threshold for investigating reconciling items.,"Select a sample of monthly reconciliations; verify mathematical accuracy, agreement to source reports, ageing and clearance of reconciling items, and evidence of timely review.",Monthly AP reconciliations,3 to 5 month ends
P2P-13,All industries,Procure to Pay,Disbursement,R-P2P-13,"Payments are released for invoices that are unapproved, altered or fraudulent.",High,Ensure payment runs are reviewed and authorised before release to the bank.,"Prior to release, the Treasury Manager reviews the payment proposal against supporting approved invoices and authorises the run. Release to the bank requires dual authorisation by two nominated signatories.",Preventive,IT-Dependent Manual,Per Transaction,"E/O, A/V, R&O",Control Activities,Yes,Yes,Treasury Manager,Payment releasers must not maintain vendor master data or process invoices.,Inspect the payment authorisation procedure and bank mandate confirming dual authorisation limits.,Select a sample of payment runs; inspect evidence of review against supporting invoices and dual authorisation prior to transmission.,Payment run listings and bank authorisation records,25 payment runs
P2P-14,All industries,Procure to Pay,Disbursement,R-P2P-14,The payment file is altered between approval in the ERP and receipt by the bank.,Medium,Ensure the integrity of the payment file in transit to the bank.,"Payment files are transmitted to the bank over an encrypted channel with hash-total validation. The bank rejects files failing validation, and rejections are investigated by Treasury.",Preventive,Automated,Per Transaction,"E/O, A/V",Control Activities,Yes,Yes,Treasury Manager,File transmission access restricted and segregated from payment approval.,"Inspect the interface configuration, encryption and hash-total validation settings.",Inspect the transmission log for the period for rejected or failed files and evidence of investigation. Confirm control totals agree between ERP and bank confirmations for a sample.,Bank interface transmission logs,"25 transmissions, plus all rejections"
P2P-15,All industries,Procure to Pay,Monitoring,R-P2P-15,Debit balances and long-outstanding items in accounts payable indicate unrecovered overpayments or misstatement.,Low,Ensure aged and debit balances in accounts payable are identified and resolved.,"The AP Manager reviews the aged accounts payable listing monthly, investigating debit balances and items outstanding beyond terms, and documents resolution.",Detective,IT-Dependent Manual,Monthly,"A/V, C",Monitoring Activities,No,No,Accounts Payable Manager,Reviewer independent of invoice processing.,Inspect the review procedure and the ageing report parameters.,Select a sample of monthly reviews; inspect evidence of investigation and resolution of debit and aged balances.,Monthly AP ageing reports,3 to 5 month ends
O2C-01,All industries,Order to Cash,Customer Master,R-O2C-01,"Fictitious or unauthorised customers are created, or remittance details are altered, enabling diversion of receipts or recognition of invalid revenue.",High,Ensure customer master additions and changes are verified and authorised before activation.,New customers and changes to existing customer bank or remittance details are independently verified against supporting documentation and approved by the Credit Manager before the record is activated in the ERP.,Preventive,IT-Dependent Manual,Per Transaction,"E/O, R&O",Control Activities,Yes,Yes,Credit Manager,"Requestor of a customer change must not approve it, and must not apply cash receipts.",Inspect the customer maintenance procedure and ERP workflow to confirm approval precedes activation.,Select a sample of customer additions and remittance detail changes; inspect evidence of verification and approval prior to activation.,ERP customer master change log,"25 (per transaction, manual)"
O2C-02,All industries,Order to Cash,Credit Management,R-O2C-02,"Credit is extended to customers without assessment of creditworthiness, resulting in receivables that are not collectable.",Medium,Ensure customer credit limits are assessed and approved in line with the credit policy.,Credit limits are established from a documented credit assessment and approved in accordance with the credit policy authority matrix. Limits are reassessed at least annually and on trigger events.,Preventive,Manual,Event Driven,A/V,Control Activities,Yes,No,Credit Manager,Credit assessment prepared and approved by different individuals; approver independent of sales.,Inspect the credit policy and reconcile approval thresholds to the authority matrix.,Select a sample of new and revised credit limits; inspect the credit assessment and approval at the appropriate authority level.,Customer credit limit change log,25 credit limit changes
O2C-03,All industries,Order to Cash,Credit Management,R-O2C-03,"Orders are released to customers who are over their credit limit or on hold, increasing exposure to uncollectable balances.",Medium,Ensure orders exceeding credit limits are blocked and released only with authorisation.,The ERP automatically places on hold any sales order that would take the customer beyond the approved credit limit or that is past due. Release requires Credit Manager entitlement and is logged.,Preventive,Automated,Per Transaction,A/V,Control Activities,Yes,No,Credit Manager,Sales personnel do not hold credit release entitlement.,Inspect the credit check configuration and confirm the hold is enforced rather than advisory.,Attempt order entry beyond limit in a test client. Inspect the credit release log for the period and evaluate releases for authorisation.,ERP credit hold and release log,Full population of releases
O2C-04,All industries,Order to Cash,Pricing,R-O2C-04,"Sales are invoiced at incorrect prices or unauthorised discounts, misstating revenue and receivables.",High,Ensure prices and discounts applied to sales orders are authorised and accurate.,Price and discount master data changes require approval by the Commercial Director in line with the pricing policy. The ERP defaults pricing from the approved master; manual overrides are blocked above defined discount thresholds.,Preventive,IT-Dependent Manual,Per Transaction,"A/V, E/O",Control Activities,Yes,Yes,Commercial Director,Sales representatives cannot amend the price master or approve their own discount overrides.,"Inspect the pricing policy, the price master change workflow, and the override threshold configuration.",Select a sample of price master changes and of discount overrides; inspect approval. Re-perform pricing on a sample of invoices against the approved price master.,Price master change log; invoice register,25 changes and 25 invoices
O2C-05,All industries,Order to Cash,Shipping,R-O2C-05,"Goods are despatched without a valid sales order, or despatches are not recorded, leading to unbilled shipments and understated revenue.",High,Ensure all despatches are supported by an approved order and are recorded completely.,Goods are released from the warehouse only against an approved sales order. Despatch is recorded in the ERP at the point of shipment and generates a shipping document referenced to the order.,Preventive,IT-Dependent Manual,Per Transaction,"C, E/O, CO",Control Activities,Yes,No,Distribution Manager,Warehouse despatch segregated from order entry and from invoicing.,Inspect the despatch procedure and ERP configuration linking despatch to an approved order.,Trace a sample of shipping documents to approved orders and to recording in the ERP. Test cutoff either side of period end.,Shipping document file; ERP delivery table,"25, plus cutoff testing"
O2C-06,All industries,Order to Cash,Billing,R-O2C-06,"Shipments are not invoiced, or are invoiced more than once, misstating revenue and receivables.",High,"Ensure all despatches are invoiced once, completely and accurately.","The ERP generates invoices from despatch records. The Billing Supervisor reviews the daily exception report of despatches not invoiced and invoices without a despatch, and resolves all items.",Detective,IT-Dependent Manual,Daily,"C, E/O, A/V",Control Activities,Yes,Yes,Billing Supervisor,Reviewer independent of despatch recording.,Inspect the exception report definition and confirm it captures both directions of mismatch.,Select a sample of daily reviews; inspect evidence of investigation and clearance of exceptions.,Daily billing exception reports,25 days
O2C-07,All industries,Order to Cash,Revenue Recognition,R-O2C-07,"Revenue is recognised in the incorrect period or before the performance obligation is satisfied, misstating reported results.",High,Ensure revenue is recognised in accordance with the applicable framework and in the correct period.,"The Financial Controller reviews the revenue recognition analysis at each period end, confirming that performance obligations, transfer of control and contract terms support the timing and amount recognised, including for non-standard and multi-element arrangements.",Detective,Manual,Monthly,"CO, E/O, A/V",Control Activities,Yes,Yes,Financial Controller,Preparer of the analysis is not the reviewer; commercial teams do not determine accounting conclusions.,"Inspect the revenue recognition policy and the review template, including criteria for identifying non-standard arrangements.",Select a sample of month ends; re-perform the analysis for a selection of contracts and inspect evidence of review and conclusion.,Monthly revenue recognition files; contract register,3 to 5 month ends
O2C-08,All industries,Order to Cash,Credit Notes,R-O2C-08,Credit notes are issued without justification to conceal uncollectable balances or fictitious sales.,High,Ensure credit notes are supported and authorised in line with the delegation of authority.,Credit notes require documented justification and approval per the delegation of authority. Credits above threshold require Financial Controller approval. The ERP blocks posting without approval.,Preventive,IT-Dependent Manual,Per Transaction,"E/O, A/V",Control Activities,Yes,Yes,Financial Controller,Raiser of a credit note cannot approve it; sales cannot approve credits to their own accounts.,Reconcile credit note approval thresholds to the delegation of authority.,Select a sample of credit notes across value bands; inspect supporting justification and approval prior to posting.,Credit note register,25 across value bands
O2C-09,All industries,Order to Cash,Cash Application,R-O2C-09,"Receipts are misapplied or misappropriated, and customer balances are misstated.",High,Ensure customer receipts are applied accurately and completely to the correct accounts.,Receipts are applied from the bank statement to customer accounts daily. Unapplied and suspense items are reviewed weekly by the AR Supervisor and cleared. Application is reconciled to bank receipts.,Detective,IT-Dependent Manual,Weekly,"C, A/V, E/O",Control Activities,Yes,Yes,Accounts Receivable Supervisor,"Cash application segregated from credit note approval, customer master and bank reconciliation.",Inspect the cash application procedure and the unapplied cash review template.,Select a sample of weekly reviews; inspect ageing and clearance of unapplied items. Reconcile receipts applied to bank receipts for a sample of days.,Unapplied cash reports; bank statements,25 weeks
O2C-10,All industries,Order to Cash,Period End,R-O2C-10,"The accounts receivable subledger does not agree to the general ledger, indicating unrecorded or erroneous transactions.",High,Ensure the AR subledger reconciles to the general ledger each period.,"The Financial Accountant reconciles the AR subledger to the general ledger control account monthly. Reconciling items are explained and cleared, and the reconciliation is reviewed and approved by the Financial Controller.",Detective,IT-Dependent Manual,Monthly,"C, A/V",Control Activities,Yes,No,Financial Controller,Preparer independent of reviewer; neither posts manual journals to the AR control account.,Inspect the reconciliation template and the investigation threshold for reconciling items.,"Select a sample of monthly reconciliations; verify accuracy, agreement to source reports, and evidence of timely review.",Monthly AR reconciliations,3 to 5 month ends
O2C-11,All industries,Order to Cash,Provisioning,R-O2C-11,"The allowance for expected credit losses is understated, overstating receivables and results.",High,Ensure the allowance for expected credit losses is complete and supportable.,The Credit Manager prepares the expected credit loss calculation quarterly using the approved provisioning matrix and specific assessment of significant or disputed balances. The Financial Controller reviews and approves the provision and the underlying assumptions.,Detective,Manual,Quarterly,A/V,Control Activities,Yes,No,Financial Controller,Preparer and reviewer are different; sales does not influence provisioning conclusions.,"Inspect the provisioning methodology, the ageing bands and the loss rates applied.",Select the quarters in the period; re-perform the calculation and inspect support for specific provisions and for changes in assumptions.,Quarterly ECL calculations and AR ageing,All quarters in period
O2C-12,All industries,Order to Cash,Access & SoD,R-O2C-12,"A single individual can create a customer, raise a credit note and apply cash, enabling concealment of misappropriated receipts.",High,Ensure incompatible duties across the order to cash cycle are segregated in the ERP.,"ERP role configuration prevents any single user from holding customer master maintenance, credit note approval and cash application entitlements. Conflicts are blocked at role assignment.",Preventive,Automated,Per Transaction,"E/O, A/V",Control Activities,Yes,Yes,IT Security / ERP Access Administrator,This control is the segregation mechanism; ruleset changes require independent approval.,Inspect the SoD ruleset and confirm the conflict set is defined and blocking.,"Inspect the role conflict report for the period, plus any approved mitigating-control exceptions.",ERP role conflict report,Full population plus all exceptions
INV-01,All industries,Inventory & Costing,Standard Costing,R-INV-01,"Standard costs are inaccurate or updated without authorisation, misstating inventory valuation and cost of sales.",High,Ensure standard cost changes are supported and authorised before release.,"Proposed standard cost changes are supported by current input costs and bills of material, reviewed by the Cost Accountant and approved by the Financial Controller before the cost roll is released.",Preventive,IT-Dependent Manual,Annual,A/V,Control Activities,Yes,No,Financial Controller,Cost preparer does not release the cost roll to production.,Inspect the costing policy and the cost roll release procedure.,"For each cost roll in the period, inspect the supporting analysis and evidence of approval prior to release.",Cost roll documentation,All cost rolls in period
INV-02,All industries,Inventory & Costing,Variance Analysis,R-INV-02,"Cost variances are not investigated, so errors in costing or consumption remain in inventory and cost of sales.",Medium,Ensure manufacturing and purchase price variances are analysed and resolved.,"The Cost Accountant prepares a monthly analysis of purchase price, usage and labour variances against threshold, investigates items exceeding tolerance, and the Financial Controller reviews the analysis and the resulting adjustments.",Detective,IT-Dependent Manual,Monthly,A/V,Control Activities,Yes,No,Financial Controller,Preparer and reviewer are different individuals.,Inspect the variance report definition and the investigation thresholds.,"Select a sample of month ends; inspect the analysis, evidence of investigation of items above tolerance, and review approval.",Monthly variance analysis files,3 to 5 month ends
INV-03,All industries,Inventory & Costing,Physical Count,R-INV-03,"Recorded inventory quantities do not reflect quantities on hand, misstating inventory and cost of sales.",High,Ensure recorded inventory quantities are validated by physical count.,"A cycle count programme covers all stock locations over the year, with high-value items counted more frequently. Counts are performed by personnel independent of custody, and results are reconciled to system quantities.",Detective,Manual,Monthly,"E/O, C",Control Activities,Yes,Yes,Inventory Control Manager,Counters independent of warehouse custody; count sheets not pre-populated with system quantities.,Inspect the cycle count programme and confirm coverage of all locations and frequency by value band.,"Select a sample of counts; inspect count sheets, reconciliation to system quantities and investigation of differences. Observe a count where possible.",Cycle count records,25 counts
INV-04,All industries,Inventory & Costing,Physical Count,R-INV-04,"Count differences are adjusted into the ledger without investigation or authorisation, concealing loss or theft.",High,Ensure inventory adjustments arising from counts are investigated and authorised.,"Count differences above threshold are investigated and documented. All inventory adjustments require approval by the Operations Director, and adjustments above a higher threshold require Financial Controller approval.",Preventive,IT-Dependent Manual,Event Driven,"E/O, A/V",Control Activities,Yes,Yes,Operations Director,Warehouse personnel cannot approve adjustments to inventory they hold custody of.,Reconcile adjustment approval thresholds to the delegation of authority.,Select a sample of inventory adjustments; inspect investigation documentation and approval at the appropriate level.,Inventory adjustment log,25 adjustments
INV-05,All industries,Inventory & Costing,Valuation,R-INV-05,"Slow-moving, obsolete or damaged inventory is not provided against, overstating inventory.",High,Ensure the inventory provision reflects slow-moving and obsolete stock.,"The Cost Accountant prepares the excess and obsolete provision quarterly using the approved ageing and usage-based matrix, supplemented by specific assessment from Operations. The Financial Controller reviews and approves the provision.",Detective,Manual,Quarterly,A/V,Control Activities,Yes,No,Financial Controller,Operations input is documented but does not override the policy matrix without approval.,"Inspect the provisioning policy, ageing bands and provision percentages.","For each quarter, re-perform the calculation and inspect support for specific provisions and for any deviation from the matrix.",Quarterly E&O provision calculations,All quarters in period
INV-06,All industries,Inventory & Costing,Valuation,R-INV-06,"Inventory is carried above net realisable value, overstating assets.",Medium,Ensure inventory is stated at the lower of cost and net realisable value.,"At each period end the Cost Accountant compares carrying cost to expected selling price less costs to sell for significant inventory categories, and records a write-down where required. The Financial Controller reviews the assessment.",Detective,Manual,Quarterly,A/V,Control Activities,Yes,No,Financial Controller,Preparer and reviewer are different individuals.,Inspect the NRV assessment methodology and the basis for expected selling prices.,"For a sample of categories, re-perform the NRV comparison and inspect evidence of review.",NRV assessment workpapers,All quarters in period
INV-07,All industries,Inventory & Costing,Cutoff,R-INV-07,"Inventory movements around period end are recorded in the wrong period, misstating inventory and cost of sales.",High,"Ensure inventory receipts, despatches and transfers are recorded in the correct period.","At each period end the Inventory Control Manager reviews goods received and despatched in the days either side of the cutoff date against supporting documentation to confirm recording in the correct period, including goods in transit.",Detective,Manual,Monthly,"CO, C",Control Activities,Yes,No,Inventory Control Manager,Reviewer independent of warehouse recording.,Inspect the cutoff review procedure and the number of days either side reviewed.,Select a sample of period ends; inspect the cutoff testing performed and any corrections made.,Period-end cutoff workpapers,3 to 5 period ends
INV-08,All industries,Inventory & Costing,Period End,R-INV-08,"The inventory subledger does not agree to the general ledger, indicating unrecorded movements or valuation errors.",High,Ensure the inventory subledger reconciles to the general ledger each period.,"The Cost Accountant reconciles the inventory subledger to the general ledger monthly, explains and clears reconciling items, and the Financial Controller reviews and approves the reconciliation.",Detective,IT-Dependent Manual,Monthly,"C, A/V",Control Activities,Yes,No,Financial Controller,Preparer independent of reviewer.,Inspect the reconciliation template and the threshold for investigating items.,Select a sample of monthly reconciliations; verify accuracy and evidence of timely review.,Monthly inventory reconciliations,3 to 5 month ends
INV-09,All industries,Inventory & Costing,Third Party Stock,R-INV-09,"Inventory held by or for third parties is omitted or double counted, misstating inventory and rights to it.",Medium,Ensure consignment and third-party held inventory is accounted for correctly.,"The Inventory Control Manager maintains a register of inventory held at third-party locations and inventory held on consignment for others, agreed quarterly to third-party statements or confirmations.",Detective,Manual,Quarterly,"E/O, C, R&O",Control Activities,No,No,Inventory Control Manager,Register maintained independently of the warehouse holding the stock.,Inspect the register and the confirmation process with third parties.,"For each quarter, inspect the agreement of the register to third-party confirmations and resolution of differences.",Third-party inventory register and confirmations,All quarters in period
PAY-01,All industries,Payroll,Employee Master,R-PAY-01,"Fictitious employees are added to payroll, or pay rates and bank details are altered without authorisation.",High,Ensure employee master additions and changes are authorised and supported.,New hires and changes to pay rate or bank details are entered from an approved HR instruction and independently verified against the personnel file before the next payroll run. Changes are evidenced on the payroll change report.,Preventive,IT-Dependent Manual,Per Transaction,"E/O, A/V",Control Activities,Yes,Yes,HR Director,Payroll processors cannot amend employee master data; HR cannot process payment runs.,Inspect the starter and change procedure and the interface between HR and payroll systems.,Select a sample of new hires and pay rate and bank detail changes; inspect the approved instruction and evidence of verification.,Payroll change report; personnel files,25 changes
PAY-02,All industries,Payroll,Employee Master,R-PAY-02,"Leavers remain on payroll after termination, resulting in payments to individuals no longer employed.",High,Ensure terminations are processed on payroll promptly and completely.,HR notifies payroll of all terminations through the workflow. The Payroll Manager reconciles the leaver report to payroll deletions each cycle and investigates any employee paid after their termination date.,Detective,IT-Dependent Manual,Monthly,E/O,Control Activities,Yes,Yes,Payroll Manager,Reviewer independent of employee master maintenance.,Inspect the termination workflow and the leaver reconciliation template.,Select a sample of payroll cycles; reconcile the HR leaver report to payroll deletions and inspect investigation of any post-termination payments.,HR leaver reports; payroll registers,25 cycles or all if fewer
PAY-03,All industries,Payroll,Time & Attendance,R-PAY-03,"Employees are paid for hours not worked, or overtime is claimed without authorisation.",Medium,Ensure hours and overtime are approved before being paid.,Timesheets and overtime are approved electronically by the employee's line manager before transfer to payroll. Unapproved time is not paid and is reported as an exception.,Preventive,Automated,Per Transaction,"A/V, E/O",Control Activities,Yes,Yes,Operations Director,Employees cannot approve their own time; approver must be the designated line manager.,Inspect the time system configuration confirming approval is required before transfer to payroll.,Select a sample of pay periods; inspect the approval status of time transferred and the exception report of unapproved time.,Time and attendance system records,25 employee-periods
PAY-04,All industries,Payroll,Payroll Processing,R-PAY-04,Errors or unauthorised amendments in the payroll run result in incorrect payments and misstated payroll expense.,High,Ensure the payroll run is reviewed and authorised before disbursement.,"Before disbursement the Payroll Manager reviews the payroll register against the prior period, investigating variances above threshold and all exception items. The Financial Controller approves the total payroll for release.",Detective,IT-Dependent Manual,Monthly,"A/V, C, E/O",Control Activities,Yes,Yes,Financial Controller,Preparer of the payroll run does not approve it or release payment.,"Inspect the review template, the variance threshold and the approval requirement before release.","Select a sample of payroll runs; inspect the variance analysis, investigation of exceptions and approval prior to disbursement.",Monthly payroll registers and review files,25 runs or all if fewer
PAY-05,All industries,Payroll,Disbursement,R-PAY-05,"The payroll payment file is altered or released without authorisation, enabling diversion of funds.",High,Ensure payroll disbursements are authorised and transmitted intact.,"The payroll payment file is released to the bank under dual authorisation by nominated signatories, with control totals agreed to the approved payroll register before transmission.",Preventive,IT-Dependent Manual,Monthly,"E/O, A/V",Control Activities,Yes,Yes,Treasury Manager,Payroll processors do not hold bank release entitlements.,Inspect the bank mandate and the dual authorisation configuration for payroll files.,Select a sample of payroll disbursements; inspect agreement of control totals to the approved register and evidence of dual authorisation.,Payroll payment files and bank authorisations,25 disbursements
PAY-06,All industries,Payroll,Off-Cycle Payments,R-PAY-06,"Manual or off-cycle payments are made outside the normal controls, concealing unauthorised payments.",Medium,Ensure off-cycle and manual payroll payments are justified and approved.,"All off-cycle payments require documented justification and approval by the HR Director and Financial Controller before processing, and are reported in the monthly payroll review.",Preventive,Manual,Event Driven,"E/O, A/V",Control Activities,Yes,Yes,Financial Controller,Requestor cannot approve; two approvers required.,Inspect the off-cycle payment procedure and approval requirements.,Inspect the full population of off-cycle payments for the period for justification and dual approval.,Off-cycle payment log,Full population
PAY-07,All industries,Payroll,Statutory,R-PAY-07,"Statutory deductions are calculated incorrectly or remitted late, resulting in liabilities, interest and penalties.",Medium,Ensure statutory deductions are accurate and remitted by the due date.,The Payroll Manager reconciles statutory deductions per the payroll register to amounts remitted each period and confirms remittance by the statutory deadline. Differences are investigated and cleared.,Detective,IT-Dependent Manual,Monthly,"C, A/V",Control Activities,Yes,No,Payroll Manager,Preparer of the remittance is not the sole reviewer of the reconciliation.,Inspect the reconciliation template and the calendar of statutory deadlines.,Select a sample of periods; re-perform the reconciliation and inspect evidence of timely remittance.,Statutory remittance reconciliations,3 to 5 periods
PAY-08,All industries,Payroll,Incentives,R-PAY-08,"Bonus and incentive payments are calculated incorrectly or paid without authorisation, misstating payroll expense.",Medium,Ensure incentive payments are calculated in accordance with approved schemes and authorised.,"Incentive calculations are prepared from the approved scheme rules and achieved performance data, independently reviewed for accuracy, and approved by the HR Director. Executive incentives are approved by the Remuneration Committee.",Preventive,Manual,Annual,"A/V, C",Control Activities,Yes,Yes,HR Director,Recipients do not calculate or approve their own incentive; executive awards escalate to the committee.,"Inspect the scheme rules and the approval matrix, including the escalation for executive awards.",Re-perform a sample of incentive calculations against scheme rules and performance data; inspect approval at the required level.,Incentive calculation files,25 calculations
PAY-09,All industries,Payroll,Period End,R-PAY-09,Payroll costs and related liabilities are not completely recorded in the general ledger.,High,Ensure payroll postings reconcile to the general ledger each period.,"The Financial Accountant reconciles the payroll register to payroll expense and liability accounts in the general ledger monthly. Reconciling items are explained and cleared, and the Financial Controller reviews the reconciliation.",Detective,IT-Dependent Manual,Monthly,"C, A/V",Control Activities,Yes,No,Financial Controller,Preparer independent of reviewer and of payroll processing.,Inspect the reconciliation template and the accounts covered.,Select a sample of monthly reconciliations; verify accuracy and evidence of review.,Monthly payroll reconciliations,3 to 5 month ends
PAY-10,All industries,Payroll,Access & SoD,R-PAY-10,"A single individual can add an employee, process the payroll and release the payment, enabling payments to fictitious employees.",High,Ensure incompatible payroll duties are segregated.,"System access is configured so that no individual holds employee master maintenance, payroll processing and payment release entitlements. Conflicts are blocked at role assignment and reviewed periodically.",Preventive,Automated,Per Transaction,E/O,Control Activities,Yes,Yes,IT Security / HR Systems Administrator,This control is the segregation mechanism; exceptions require documented mitigating controls.,Inspect the access ruleset and confirm the conflict set is defined and blocking.,Inspect the role conflict report for the period and evaluate any exceptions and mitigating controls.,Payroll and HR system access reports,Full population plus all exceptions
FA-01,All industries,Fixed Assets,Capital Expenditure,R-FA-01,"Capital expenditure is incurred without authorisation, resulting in unapproved commitments and asset additions.",Medium,Ensure capital expenditure is authorised in line with the delegation of authority.,"Capital expenditure requests are supported by a business case and approved per the capital authority matrix, with amounts above threshold requiring Board approval, before commitment is made.",Preventive,Manual,Event Driven,"E/O, R&O",Control Activities,Yes,No,Chief Financial Officer,Requestor cannot approve; Board approval required above threshold.,Reconcile the capital authority matrix to the delegation of authority and to Board minutes.,Select a sample of capital projects; inspect the business case and approval at the required level prior to commitment.,Capital expenditure request files,25 projects
FA-02,All industries,Fixed Assets,Capitalisation,R-FA-02,"Costs are capitalised that should be expensed, or vice versa, misstating assets and results.",High,Ensure costs are capitalised only where they meet the capitalisation policy.,"The Fixed Asset Accountant assesses each addition against the capitalisation policy, including the capitalisation threshold and the treatment of directly attributable costs. The Financial Controller reviews additions above threshold.",Preventive,Manual,Monthly,"A/V, E/O",Control Activities,Yes,No,Financial Controller,Preparer and reviewer are different individuals.,Inspect the capitalisation policy and the review threshold.,Select a sample of additions; inspect the assessment against policy and evidence of review where above threshold.,Fixed asset addition files,25 additions
FA-03,All industries,Fixed Assets,Disposals,R-FA-03,"Asset disposals are not recorded, or proceeds are misappropriated, overstating assets and understating gains.",Medium,"Ensure disposals are authorised, recorded and proceeds accounted for.",Disposals require approval per the delegation of authority. The Fixed Asset Accountant removes the asset and accumulated depreciation on disposal and agrees proceeds to the bank. Disposals are reported monthly.,Preventive,IT-Dependent Manual,Event Driven,"E/O, A/V, C",Control Activities,Yes,Yes,Financial Controller,Custodian of the asset cannot approve its disposal or receive the proceeds.,Inspect the disposal procedure and approval thresholds.,"Select a sample of disposals; inspect approval, removal from the register, and agreement of proceeds to bank.",Disposal register; bank statements,25 disposals
FA-04,All industries,Fixed Assets,Depreciation,R-FA-04,"Depreciation is calculated incorrectly or on inappropriate lives, misstating carrying value and expense.",Medium,Ensure depreciation is calculated in accordance with policy and reviewed for reasonableness.,"Depreciation is calculated automatically by the fixed asset system from the asset class, life and in-service date. The Fixed Asset Accountant reviews the monthly depreciation charge for reasonableness against expectation and investigates variances.",Detective,IT-Dependent Manual,Monthly,A/V,Control Activities,Yes,No,Fixed Asset Accountant,Asset class and life defaults cannot be amended by the preparer without approval.,Inspect the depreciation configuration by asset class and the review template.,Re-perform depreciation for a sample of assets; inspect the monthly reasonableness review and investigation of variances.,Fixed asset register; depreciation reports,25 assets and 3 to 5 months
FA-05,All industries,Fixed Assets,Useful Lives,R-FA-05,"Useful lives and residual values are not reassessed, so carrying values do not reflect the pattern of consumption.",Low,Ensure useful lives and residual values are reviewed at least annually.,"The Fixed Asset Accountant reviews useful lives and residual values annually against usage and asset condition, and the Financial Controller approves any changes and their prospective application.",Detective,Manual,Annual,A/V,Control Activities,No,No,Financial Controller,Preparer and approver are different individuals.,Inspect the review procedure and the basis for assessing lives.,"Inspect the annual review performed in the period, changes made and evidence of approval.",Annual useful life review file,Annual review
FA-06,All industries,Fixed Assets,Existence,R-FA-06,"Assets recorded in the register no longer exist or are not in use, overstating assets.",Medium,Ensure recorded assets are validated by physical verification.,A rolling programme of physical verification covers all asset locations over a defined cycle. Results are reconciled to the fixed asset register and differences are investigated and adjusted with approval.,Detective,Manual,Annual,E/O,Control Activities,Yes,Yes,Fixed Asset Accountant,Verifier independent of the custodian of the assets.,Inspect the verification programme and its coverage cycle.,"Inspect verification records for the period, reconciliation to the register, and approval of adjustments.",Physical verification records,All verifications in period
FA-07,All industries,Fixed Assets,Construction in Progress,R-FA-07,"Assets remain in construction in progress after being brought into use, deferring depreciation and overstating results.",Medium,Ensure assets are transferred from CIP to in-service on commissioning.,"The Fixed Asset Accountant reviews the CIP balance monthly, agrees each project to its status with the project manager, and transfers commissioned assets into service in the month they become available for use.",Detective,Manual,Monthly,"A/V, CO",Control Activities,Yes,No,Fixed Asset Accountant,"Project status confirmed by project management, not by the accountant alone.",Inspect the CIP review procedure and the criteria for available for use.,"Select a sample of month ends; inspect the CIP review, project status confirmations and timeliness of transfers.",Monthly CIP reviews,3 to 5 month ends
FA-08,All industries,Fixed Assets,Impairment,R-FA-08,"Impaired assets are not written down, overstating carrying value.",Medium,Ensure indicators of impairment are identified and assessed.,"At each reporting date the Financial Controller reviews for indicators of impairment across cash generating units, and where indicators exist a recoverable amount assessment is prepared and reviewed by the CFO.",Detective,Manual,Annual,A/V,Control Activities,Yes,No,Chief Financial Officer,Preparer of the assessment is not the approver.,Inspect the impairment review procedure and the indicator checklist.,"Inspect the impairment reviews performed in the period, any recoverable amount calculations, and evidence of approval.",Impairment assessment files,All assessments in period
FA-09,All industries,Fixed Assets,Period End,R-FA-09,"The fixed asset register does not agree to the general ledger, indicating unrecorded additions, disposals or depreciation.",High,Ensure the fixed asset register reconciles to the general ledger each period.,"The Fixed Asset Accountant reconciles the register to the general ledger monthly for cost, accumulated depreciation and net book value. Reconciling items are cleared and the Financial Controller reviews the reconciliation.",Detective,IT-Dependent Manual,Monthly,"C, A/V",Control Activities,Yes,No,Financial Controller,Preparer independent of reviewer.,Inspect the reconciliation template and the balances covered.,Select a sample of monthly reconciliations; verify accuracy and evidence of review.,Monthly fixed asset reconciliations,3 to 5 month ends
TRE-01,All industries,Treasury,Bank Administration,R-TRE-01,"Bank accounts are opened or closed, or signatories changed, without authorisation, enabling unauthorised movement of funds.",High,Ensure bank account and mandate changes are authorised at the required level.,"Opening and closing of bank accounts and all changes to bank mandates and signatories require approval by the CFO and, where required by the delegation of authority, by the Board. Changes are confirmed directly with the bank.",Preventive,Manual,Event Driven,"E/O, R&O",Control Activities,Yes,Yes,Chief Financial Officer,Requestor cannot approve; confirmation obtained independently from the bank.,Inspect the treasury policy and reconcile mandate authority to the delegation of authority and Board minutes.,Inspect the full population of account and mandate changes in the period for approval and bank confirmation.,Bank mandate files; bank confirmations,Full population
TRE-02,All industries,Treasury,Bank Reconciliation,R-TRE-02,"Differences between bank records and the ledger are not identified, concealing unrecorded or fraudulent transactions.",High,Ensure all bank accounts are reconciled and differences resolved promptly.,"All bank accounts are reconciled monthly by the Treasury Accountant to the bank statement. Reconciling items are aged, explained and cleared, and items above threshold or over 30 days are escalated. The Financial Controller reviews and approves each reconciliation.",Detective,IT-Dependent Manual,Monthly,"E/O, C, A/V",Control Activities,Yes,Yes,Financial Controller,Preparer of the reconciliation does not process payments or have bank release entitlement.,"Inspect the reconciliation template, ageing thresholds and escalation criteria.","Select a sample of account-months; verify mathematical accuracy, agreement to bank statements obtained independently, ageing and clearance of items, and timely review.",Monthly bank reconciliations; bank statements,25 account-months
TRE-03,All industries,Treasury,Cash Management,R-TRE-03,"Liquidity is misjudged, resulting in an inability to meet obligations or in unnecessary borrowing cost.",Low,Ensure cash forecasts are prepared and reviewed to support liquidity management.,"The Treasury Manager prepares a rolling cash forecast weekly, compares actual to forecast, and reports variances and liquidity headroom to the CFO monthly.",Detective,Manual,Weekly,P&D,Monitoring Activities,No,No,Treasury Manager,Forecast reviewed by CFO independent of preparation.,Inspect the forecasting methodology and the reporting cycle.,Select a sample of forecasts; inspect the actual to forecast comparison and evidence of CFO review.,Weekly cash forecasts,25 weeks
TRE-04,All industries,Treasury,Borrowings,R-TRE-04,"Borrowings are entered into without authorisation, or are recorded incorrectly, misstating liabilities and finance cost.",High,Ensure borrowings are authorised and accurately recorded.,"New borrowing facilities and drawdowns require approval per the delegation of authority, with facilities above threshold approved by the Board. The Treasury Accountant records the instrument and agrees terms, interest and repayment schedules to the executed agreement.",Preventive,Manual,Event Driven,"E/O, A/V, C, R&O",Control Activities,Yes,No,Chief Financial Officer,Dealer does not record or settle the transaction.,Reconcile borrowing approval thresholds to the delegation of authority and Board minutes.,Inspect the full population of new facilities and drawdowns for approval; agree recorded terms to executed agreements.,Loan agreements; Board minutes,Full population
TRE-05,All industries,Treasury,Covenants,R-TRE-05,"Breach of a debt covenant is not identified, resulting in misclassification of debt and potential acceleration.",High,Ensure compliance with debt covenants is monitored and reported.,The Treasury Manager calculates covenant compliance each reporting period from the approved definitions and reports the position to the CFO and Audit Committee. Forecast headroom is assessed for the next twelve months.,Detective,Manual,Quarterly,"P&D, A/V",Control Activities,Yes,No,Chief Financial Officer,Calculation independently reviewed before reporting.,Inspect the covenant definitions per the agreements and the calculation methodology.,"For each period, re-perform the covenant calculations and inspect reporting to the CFO and Audit Committee.",Covenant compliance certificates and calculations,All periods
TRE-06,All industries,Treasury,Foreign Exchange,R-TRE-06,"Foreign exchange exposures are unidentified or unhedged, or derivatives are transacted without authorisation.",Medium,Ensure FX exposures are identified and hedging is transacted within approved mandates.,"The Treasury Manager identifies FX exposures monthly from forecast and balance sheet positions, and transacts hedges only within the limits and instrument types permitted by the Board-approved treasury policy. All deals are confirmed independently.",Preventive,Manual,Monthly,"A/V, C",Control Activities,Yes,Yes,Treasury Manager,"Dealing, confirmation and settlement performed by different individuals.",Inspect the treasury policy limits and permitted instruments.,Select a sample of deals; inspect that terms fall within policy limits and that independent confirmation was obtained.,Deal tickets; broker confirmations,25 deals
TRE-07,All industries,Treasury,Derivatives,R-TRE-07,"Derivatives are misvalued or hedge accounting is applied without qualifying documentation, misstating results and equity.",Medium,Ensure derivatives are valued correctly and hedge accounting is properly documented.,Derivative valuations are obtained from the counterparty and independently corroborated. Hedge designation documentation and effectiveness testing are prepared at inception and each reporting date and reviewed by the Financial Controller.,Detective,Manual,Quarterly,"A/V, P&D",Control Activities,Yes,No,Financial Controller,Valuation corroborated independently of the counterparty relationship manager.,Inspect the hedge documentation template and the effectiveness testing methodology.,"For a sample of hedges, inspect designation documentation, effectiveness testing and corroboration of valuation.",Hedge documentation; valuation support,All hedges in period
TRE-08,All industries,Treasury,Intercompany,R-TRE-08,Intercompany funding is advanced without authorisation or is not recorded consistently by both parties.,Medium,Ensure intercompany funding is authorised and agreed between entities.,Intercompany loans and funding require approval per the delegation of authority and are documented in an agreement. Balances are agreed between entities monthly and differences investigated.,Preventive,Manual,Monthly,"E/O, C, A/V",Control Activities,Yes,No,Group Financial Controller,Both entities confirm the balance independently.,Inspect the intercompany policy and the balance agreement process.,Select a sample of periods; inspect approval of new funding and evidence of balance agreement between entities.,Intercompany agreements and confirmations,3 to 5 periods
TRE-09,All industries,Treasury,Access & SoD,R-TRE-09,"A single individual can transact, confirm and settle a treasury deal, enabling unauthorised or concealed transactions.",High,"Ensure front, middle and back office treasury duties are segregated.","Treasury system and banking entitlements are configured so that dealing, confirmation and settlement are performed by different individuals. Access is reviewed quarterly by the CFO.",Preventive,Automated,Per Transaction,"E/O, A/V",Control Activities,Yes,Yes,Chief Financial Officer,This control is the segregation mechanism; exceptions require documented mitigating controls.,"Inspect entitlement configuration across dealing, confirmation and settlement functions.","Inspect the quarterly access review and any conflicts identified, together with mitigating controls.",Treasury system access reports,All quarterly reviews
TAX-01,All industries,Tax,Current Tax,R-TAX-01,"The current tax provision is calculated incorrectly, misstating the tax charge and liability.",High,Ensure the current tax provision is accurate and supportable.,"The Tax Manager prepares the current tax computation from the statutory accounts, reconciling book to taxable profit and supporting each adjustment. The CFO reviews and approves the provision, with external adviser input on significant judgements.",Detective,Manual,Quarterly,"A/V, C",Control Activities,Yes,No,Chief Financial Officer,Preparer and approver are different; external adviser review for significant judgements.,Inspect the tax computation methodology and the review and approval requirements.,"For each period, re-perform the book to tax reconciliation for significant adjustments and inspect evidence of review and approval.",Tax computation workpapers,All periods in year
TAX-02,All industries,Tax,Deferred Tax,R-TAX-02,"Deferred tax balances are incomplete or measured at incorrect rates, misstating assets, liabilities and the tax charge.",High,Ensure deferred tax is complete and measured at the enacted rate.,"The Tax Manager prepares the deferred tax calculation from a full listing of temporary differences, applying enacted or substantively enacted rates, and assesses recoverability of deferred tax assets against forecast taxable profits. The CFO reviews and approves.",Detective,Manual,Annual,"A/V, C, P&D",Control Activities,Yes,No,Chief Financial Officer,"Recoverability assessment supported by approved forecasts, not prepared in isolation by tax.","Inspect the deferred tax methodology, the temporary difference listing and the recoverability criteria.",Re-perform the calculation for significant temporary differences; inspect rate support and the recoverability assessment and its approval.,Deferred tax workpapers; approved forecasts,Annual calculation
TAX-03,All industries,Tax,Uncertain Positions,R-TAX-03,"Uncertain tax positions are not identified or provided for, understating liabilities.",Medium,"Ensure uncertain tax positions are identified, measured and disclosed.","The Tax Manager maintains a register of uncertain tax positions, assessing each for probability and measurement at each reporting date with external adviser input. The CFO and Audit Committee review the register annually.",Detective,Manual,Annual,"A/V, C, P&D",Control Activities,Yes,No,Chief Financial Officer,External adviser input obtained independently of the preparer's conclusion.,Inspect the register and the assessment methodology.,Inspect the register and supporting assessments; agree significant positions to adviser correspondence and to Audit Committee reporting.,Uncertain tax position register,Full register
TAX-04,All industries,Tax,Indirect Tax,R-TAX-04,"Indirect tax returns are inaccurate or filed late, resulting in assessments, interest and penalties.",Medium,Ensure indirect tax returns are accurate and filed by the due date.,"Indirect tax returns are prepared from system reports, reconciled to the general ledger and to revenue and purchase records, independently reviewed by the Tax Manager, and filed by the statutory deadline.",Detective,IT-Dependent Manual,Monthly,"C, A/V",Control Activities,Yes,No,Tax Manager,Preparer and reviewer are different individuals.,"Inspect the return preparation procedure, the reconciliation template and the filing calendar.",Select a sample of returns; re-perform the reconciliation to the ledger and inspect evidence of review and timely filing.,Indirect tax returns and reconciliations,25 returns or all if fewer
TAX-05,All industries,Tax,Transfer Pricing,R-TAX-05,"Intercompany transactions are not priced at arm's length or are not documented, creating exposure to adjustment and penalties.",Medium,Ensure intercompany pricing follows the transfer pricing policy and is documented.,Intercompany transactions are priced in accordance with the Board-approved transfer pricing policy. Local file and master file documentation is prepared or refreshed annually with external adviser support and reviewed by the CFO.,Preventive,Manual,Annual,"A/V, P&D",Control Activities,Yes,No,Chief Financial Officer,"Pricing set by policy, not negotiated between the transacting entities.",Inspect the transfer pricing policy and the documentation refresh cycle.,Inspect the documentation prepared in the period and evidence of CFO review; agree a sample of intercompany charges to the policy.,Transfer pricing documentation,Annual documentation
TAX-06,All industries,Tax,Compliance,R-TAX-06,"Tax payments and filings are missed or made late, resulting in interest and penalties.",Medium,Ensure all tax filings and payments are made by their due dates.,"The Tax Manager maintains a compliance calendar of all filing and payment obligations by jurisdiction, monitors completion, and reports status to the CFO monthly. Missed or at-risk deadlines are escalated.",Detective,Manual,Monthly,"C, P&D",Monitoring Activities,No,No,Tax Manager,Status independently reported to the CFO rather than self-certified without review.,Inspect the compliance calendar for completeness of obligations by jurisdiction.,Select a sample of months; inspect the status report and evidence of escalation of at-risk items.,Tax compliance calendar and status reports,3 to 5 months
TAX-07,All industries,Tax,Period End,R-TAX-07,"Tax accounts in the general ledger are not reconciled, so misstatements in tax balances go undetected.",Medium,Ensure tax balances reconcile to supporting computations and filings.,"The Tax Manager reconciles all tax accounts in the general ledger to computations, returns and payments quarterly. Reconciling items are explained and cleared and the reconciliation is reviewed by the Financial Controller.",Detective,IT-Dependent Manual,Quarterly,"C, A/V",Control Activities,Yes,No,Financial Controller,Preparer independent of reviewer.,Inspect the reconciliation template and the accounts covered.,Select a sample of quarters; verify accuracy of the reconciliation and evidence of review.,Quarterly tax account reconciliations,All quarters in period
FCR-01,All industries,Financial Close & Reporting,Close Process,R-FCR-01,"The close is not completed on a controlled basis, so errors are not identified before reporting.",Medium,Ensure the close is executed completely and on schedule.,"A close calendar and checklist assigns each task, owner and due date. The Financial Controller monitors completion daily through the close and confirms all tasks are complete and signed off before results are released.",Preventive,Manual,Monthly,"C, CO",Control Activities,Yes,No,Financial Controller,Task performer and checklist sign-off reviewer are different individuals.,Inspect the close calendar and checklist for completeness of tasks and assignment of owners.,"Select a sample of month ends; inspect the completed checklist, sign-offs and any tasks completed late.",Monthly close checklists,3 to 5 month ends
FCR-02,All industries,Financial Close & Reporting,Journal Entries,R-FCR-02,"Unauthorised or unsupported journal entries are posted, misstating the financial statements.",High,Ensure journal entries are supported and independently approved before posting.,All manual journal entries require supporting documentation and electronic approval by a reviewer other than the preparer before posting. The ERP prevents a preparer from approving their own entry.,Preventive,Automated,Per Transaction,"E/O, A/V, C",Control Activities,Yes,Yes,Financial Controller,Preparer cannot approve own journal; enforced by system configuration.,Inspect the journal workflow configuration confirming preparer and approver must differ.,Select a sample of manual journals; inspect supporting documentation and approval prior to posting. Test the configuration by attempting self-approval.,Manual journal entry listing,25 journals
FCR-03,All industries,Financial Close & Reporting,Journal Entries,R-FCR-03,"Journals posted outside normal parameters are used to manipulate reported results, including through management override.",High,Ensure high-risk and non-standard journals are identified and scrutinised.,"The Financial Controller reviews a monthly report of high-risk journals, including those posted after the close cutoff, to seldom-used accounts, in round amounts, by unusual users, or above threshold, and documents investigation of each.",Detective,IT-Dependent Manual,Monthly,"E/O, A/V",Control Activities,Yes,Yes,Financial Controller,Reviewer independent of journal preparation; the CFO's own journals are reviewed by the Audit Committee chair.,Inspect the criteria defining high-risk journals and confirm the report captures each criterion.,"Select a sample of month ends; inspect the report, the investigation documented, and conclusions reached.",Monthly high-risk journal reports,3 to 5 month ends
FCR-04,All industries,Financial Close & Reporting,Account Reconciliation,R-FCR-04,"Balance sheet accounts are not reconciled, so errors and unsupported balances persist undetected.",High,Ensure all balance sheet accounts are reconciled and reviewed each period.,"All balance sheet accounts are reconciled monthly to supporting documentation. Reconciliations are reviewed and approved by a reviewer independent of the preparer, with review depth based on account risk rating.",Detective,IT-Dependent Manual,Monthly,"E/O, C, A/V, R&O",Control Activities,Yes,No,Financial Controller,Preparer and reviewer are different; the reviewer does not post to the accounts reconciled.,"Inspect the reconciliation policy, the account risk rating and the review requirements by rating.","Select a sample of account-months across risk ratings; verify support, accuracy and evidence of timely review.",Monthly account reconciliations,25 account-months
FCR-05,All industries,Financial Close & Reporting,Account Reconciliation,R-FCR-05,"Reconciling items are carried forward indefinitely, masking errors or unrecorded transactions.",Medium,"Ensure reconciling items are aged, investigated and cleared.","Reconciling items are aged on each reconciliation. Items above threshold or older than 60 days are escalated to the Financial Controller with a clearance plan, and progress is monitored monthly.",Detective,Manual,Monthly,"A/V, C",Control Activities,Yes,No,Financial Controller,Escalation independent of the preparer of the reconciliation.,Inspect the ageing thresholds and escalation criteria.,"Select a sample of reconciliations with aged items; inspect escalation, clearance plans and progress.",Monthly reconciliation ageing reports,25 reconciliations
FCR-06,All industries,Financial Close & Reporting,Consolidation,R-FCR-06,"The consolidation is inaccurate, misstating group results and position.",High,Ensure the consolidation is complete and accurate.,"The Group Financial Controller reconciles the consolidation output to submitted entity reporting packs, confirms all entities in scope are included, and reviews consolidation journals for support and approval.",Detective,IT-Dependent Manual,Monthly,"C, A/V, P&D",Control Activities,Yes,No,Group Financial Controller,Consolidation journals prepared and reviewed by different individuals.,"Inspect the consolidation process, the entity scope listing and the journal approval requirement.","Select a sample of periods; agree entity packs to the consolidation, confirm scope completeness, and inspect approval of consolidation journals.",Consolidation workbooks and entity packs,3 to 5 periods
FCR-07,All industries,Financial Close & Reporting,Intercompany,R-FCR-07,"Intercompany balances and transactions do not eliminate, misstating group results.",Medium,Ensure intercompany balances are matched and eliminated in full.,"Intercompany balances and transactions are matched between entities each period. Unmatched differences above threshold are investigated and resolved before consolidation, and residual differences are approved by the Group Financial Controller.",Detective,IT-Dependent Manual,Monthly,"C, A/V",Control Activities,Yes,No,Group Financial Controller,Both entities confirm; neither resolves a difference unilaterally.,Inspect the matching process and the tolerance for residual differences.,"Select a sample of periods; inspect the matching report, investigation of differences and approval of residuals.",Intercompany matching reports,3 to 5 periods
FCR-08,All industries,Financial Close & Reporting,Translation,R-FCR-08,"Foreign currency translation is applied at incorrect rates or to incorrect balances, misstating results and reserves.",Medium,Ensure foreign currency translation uses approved rates and correct methodology.,"Exchange rates are loaded from an approved independent source and locked for the period. The Group Financial Controller reviews the translation, confirming closing rates for balance sheet items and average rates for income statement items, and agrees the translation reserve movement.",Detective,IT-Dependent Manual,Monthly,"A/V, P&D",Control Activities,Yes,No,Group Financial Controller,Rate loading and review performed by different individuals.,"Inspect the rate source, the loading process and the translation methodology configuration.",Select a sample of periods; agree rates to the independent source and re-perform the translation reserve movement.,Rate tables; translation workpapers,3 to 5 periods
FCR-09,All industries,Financial Close & Reporting,Estimates,R-FCR-09,"Significant accounting estimates are biased or unsupported, misstating the financial statements.",High,"Ensure significant estimates are supported, challenged and approved.","Each significant estimate is documented with its methodology, key assumptions and supporting data. The CFO reviews and challenges the assumptions, and the Audit Committee is informed of significant judgements and changes in assumptions.",Detective,Manual,Quarterly,"A/V, P&D",Control Activities,Yes,Yes,Chief Financial Officer,Preparer of the estimate is not the approver; Audit Committee provides independent oversight.,Inspect the estimates register and the documentation standard for methodology and assumptions.,"For a sample of estimates, inspect the documentation, evidence of challenge, and reporting to the Audit Committee.",Estimates register and workpapers,All significant estimates
FCR-10,All industries,Financial Close & Reporting,Financial Reporting,R-FCR-10,The financial statements contain errors or omit required disclosures.,High,Ensure the financial statements are accurate and complete before issue.,"The financial statements are agreed to the consolidation and supporting schedules, a disclosure checklist against the applicable framework is completed and reviewed, and the CFO and Audit Committee approve the statements before issue.",Detective,Manual,Annual,"P&D, A/V, C",Control Activities,Yes,No,Chief Financial Officer,"Preparer, reviewer and approver are different; Audit Committee approval is independent of management.",Inspect the disclosure checklist and the review and approval requirements.,"Inspect the completed checklist, tie-out of the statements to the consolidation, and evidence of CFO and Audit Committee approval.",Financial statements; disclosure checklist; minutes,Annual and interim reporting
FCR-11,All industries,Financial Close & Reporting,Management Review,R-FCR-11,Errors in reported results are not detected because management review is insufficiently precise.,High,Ensure management review of results operates at a level of precision capable of detecting misstatement.,"The CFO reviews results against budget, forecast and prior period at a defined level of disaggregation, investigating variances exceeding defined thresholds and documenting the explanation and corroboration for each.",Detective,Manual,Monthly,"A/V, C, E/O",Monitoring Activities,Yes,No,Chief Financial Officer,Explanations corroborated to underlying data rather than accepted from the preparer.,"Inspect the review template, the level of disaggregation and the variance thresholds.","Select a sample of month ends; inspect the variances investigated, the corroboration obtained and the conclusions documented.",Monthly management review files,3 to 5 month ends
ITGC-01,All industries,IT & Technology,Access Provisioning,R-ITGC-01,"Users are granted system access beyond what their role requires, enabling unauthorised transactions.",High,Ensure access is granted only on documented authorisation appropriate to the role.,New user access and changes to entitlements require a request approved by the user's line manager and the application owner before provisioning by IT Security. Access is granted on the basis of predefined roles.,Preventive,IT-Dependent Manual,Per Transaction,Indirect (ITGC),Control Activities,Yes,Yes,IT Security Manager,"Requestor, approver and provisioner are different individuals.",Inspect the access request workflow and the role definitions.,Select a sample of access grants and changes; inspect approval by line manager and application owner prior to provisioning.,Access request tickets; system access logs,25 access grants
ITGC-02,All industries,IT & Technology,Access Deprovisioning,R-ITGC-02,"Access is not revoked on termination or transfer, leaving active credentials for individuals without a business need.",High,Ensure access is revoked promptly on termination or role change.,"HR notifies IT Security of terminations and transfers through an automated feed. Access is disabled within one business day of the termination date, and IT Security reconciles the HR leaver report to disabled accounts monthly.",Detective,IT-Dependent Manual,Monthly,Indirect (ITGC),Control Activities,Yes,Yes,IT Security Manager,Reconciliation performed by someone other than the individual disabling accounts.,Inspect the HR to IT notification feed and the monthly reconciliation template.,Select a sample of leavers; inspect the date access was disabled against the termination date. Inspect monthly reconciliations for exceptions.,HR leaver reports; account status reports,25 leavers
ITGC-03,All industries,IT & Technology,Privileged Access,R-ITGC-03,"Privileged or superuser access is held more widely than necessary, permitting undetected changes to data or configuration.",High,"Ensure privileged access is restricted, justified and monitored.",Privileged accounts are restricted to named individuals with documented business justification approved by the IT Director. Privileged activity is logged and the log is reviewed monthly by a reviewer independent of the account holders.,Preventive,IT-Dependent Manual,Monthly,Indirect (ITGC),Control Activities,Yes,Yes,IT Director,Log reviewer must not hold privileged access to the system reviewed.,"Inspect the privileged access register, justifications and the logging configuration.","Inspect the privileged access listing for approval, and a sample of monthly log reviews for evidence of independent review and follow-up.",Privileged access register; activity logs,Full listing plus 3 to 5 log reviews
ITGC-04,All industries,IT & Technology,Access Review,R-ITGC-04,Accumulated entitlements are not detected because access is never re-examined after it is granted.,High,Ensure user access is periodically recertified by the business.,"Application owners recertify all user access quarterly, confirming continued business need and appropriateness. Access identified as no longer required is revoked within ten business days and completion is tracked centrally.",Detective,IT-Dependent Manual,Quarterly,Indirect (ITGC),Monitoring Activities,Yes,Yes,Application Owner,"Recertification performed by the business owner, not by IT or by the user.","Inspect the recertification procedure, scope of applications and the revocation timeframe.","For each quarter, inspect completed recertifications, exceptions identified and evidence that revocations were actioned.",Quarterly access recertification records,All quarters in period
ITGC-05,All industries,IT & Technology,Authentication,R-ITGC-05,Weak authentication permits unauthorised access to financially significant systems.,Medium,Ensure authentication settings meet the security standard.,"Password complexity, length, expiry, lockout and multi-factor authentication settings are configured to the approved security standard on all financially significant systems, and configuration is reviewed annually.",Preventive,Automated,Annual,Indirect (ITGC),Control Activities,Yes,No,IT Security Manager,Configuration changes require approval separate from the administrator applying them.,Compare configured settings on each in-scope system to the approved security standard.,Inspect current configuration screenshots or extracts for each in-scope system and the annual review documentation.,System configuration extracts,All in-scope systems
ITGC-06,All industries,IT & Technology,Change Management,R-ITGC-06,"Changes are migrated to production without authorisation or testing, disrupting processing or corrupting financial data.",High,Ensure changes are tested and approved before migration to production.,"Changes follow the documented change process: requested and approved, developed, tested including user acceptance where applicable, and approved by the change advisory board before migration to production.",Preventive,IT-Dependent Manual,Per Transaction,Indirect (ITGC),Control Activities,Yes,No,IT Director,Developer cannot approve or migrate their own change.,Inspect the change management procedure and the approval gates before production migration.,"Select a sample of changes; inspect the request, approval, test evidence and pre-migration approval.",Change management tickets,25 changes
ITGC-07,All industries,IT & Technology,Emergency Changes,R-ITGC-07,Emergency changes bypass the standard process and are never subsequently reviewed.,Medium,Ensure emergency changes are justified and retrospectively approved.,"Emergency changes require verbal authorisation at the time and full documentation and retrospective approval by the change advisory board within five business days, with justification for the emergency route.",Detective,Manual,Event Driven,Indirect (ITGC),Control Activities,Yes,Yes,IT Director,Retrospective approver is not the individual who made the change.,Inspect the emergency change procedure and the retrospective approval requirement.,Inspect the full population of emergency changes for justification and retrospective approval within the required period.,Emergency change log,Full population
ITGC-08,All industries,IT & Technology,Segregation,R-ITGC-08,"Developers hold access to production, enabling unapproved changes to code or data.",High,Ensure development and production environments and access are segregated.,"Development, test and production environments are separate. Developers do not hold write access to production; migration is performed by a separate release function. Exceptions require documented approval and compensating monitoring.",Preventive,Automated,Per Transaction,Indirect (ITGC),Control Activities,Yes,Yes,IT Director,This control is the segregation mechanism; exceptions monitored through privileged activity logging.,Inspect environment architecture and production access listings for development personnel.,Inspect the production access listing for developer accounts and evaluate any approved exceptions and their compensating controls.,Production access listings,Full listing
ITGC-09,All industries,IT & Technology,Backup,R-ITGC-09,"Backups fail or are not recoverable, so financial data cannot be restored after an incident.",Medium,Ensure backups complete successfully and are recoverable.,"Backups run to the defined schedule and completion is monitored daily, with failures investigated and re-run. Restoration testing is performed at least annually and results documented.",Detective,IT-Dependent Manual,Daily,Indirect (ITGC),Control Activities,Yes,No,IT Operations Manager,Monitoring performed independently of backup job configuration.,"Inspect the backup schedule, monitoring process and the restoration testing requirement.",Select a sample of days; inspect backup completion and resolution of failures. Inspect the annual restoration test results.,Backup logs; restoration test records,25 days plus annual test
ITGC-10,All industries,IT & Technology,Job Scheduling,R-ITGC-10,"Scheduled jobs fail without detection, resulting in incomplete or inaccurate financial processing.",Medium,Ensure batch job failures are detected and resolved.,"Financially significant batch jobs are monitored on completion. Failures generate an alert, are logged, investigated and re-run, and unresolved failures are escalated to the IT Operations Manager.",Detective,IT-Dependent Manual,Daily,Indirect (ITGC),Control Activities,Yes,No,IT Operations Manager,Job configuration changes approved separately from job execution monitoring.,"Inspect the job schedule, the list of financially significant jobs and the alerting configuration.","Select a sample of days; inspect the failure log, investigation and resolution of each failure.",Job scheduler logs,25 days
TPM-01,All industries,Third Party Management,Onboarding,R-TPM-01,"Third parties are engaged without assessment of their financial, operational or integrity risk.",Medium,Ensure third parties are risk assessed and approved before engagement.,"Prospective third parties undergo due diligence proportionate to their risk tier, covering financial standing, sanctions and adverse media screening, and are approved by the Procurement Director before contracting.",Preventive,Manual,Event Driven,Indirect (ELC),Risk Assessment,Yes,Yes,Procurement Director,Requesting business unit does not perform or approve its own due diligence.,Inspect the due diligence procedure and the risk tiering criteria.,"Select a sample of new third parties; inspect the due diligence performed, screening results and approval before contracting.",Third party onboarding files,25 onboardings
TPM-02,All industries,Third Party Management,Contracting,R-TPM-02,"Contracts are executed without review, omitting protections over data, audit rights and service levels.",Medium,Ensure contracts are reviewed and executed under delegated authority.,"Contracts are reviewed by Legal against the approved contracting standards, including data protection, right to audit, service levels and termination, and are executed by an authorised signatory per the delegation of authority.",Preventive,Manual,Event Driven,R&O,Control Activities,Yes,No,General Counsel,Negotiator does not execute the contract; signature authority held separately.,Inspect the contracting standards and the signature authority matrix.,Select a sample of contracts; inspect legal review and execution by an authorised signatory.,Contract register,25 contracts
TPM-03,All industries,Third Party Management,Assurance,R-TPM-03,Controls at a service organisation processing financially significant transactions are ineffective and this is not detected.,High,Ensure assurance is obtained over controls at service organisations.,"For each service organisation supporting a financially significant process, the Financial Controller obtains and reviews the annual SOC 1 Type 2 report, evaluating the opinion, exceptions noted, and the period covered against the reporting period.",Detective,Manual,Annual,Indirect (ELC),Monitoring Activities,Yes,No,Financial Controller,Review performed by finance rather than by the relationship owner alone.,Inspect the register of in-scope service organisations and the review template.,"For each in-scope service organisation, inspect the SOC 1 report obtained, the documented review, and the assessment of any qualifications or exceptions.",SOC 1 reports and review memoranda,All in-scope service organisations
TPM-04,All industries,Third Party Management,Assurance,R-TPM-04,Complementary user entity controls assumed by the service organisation are not implemented at the entity.,High,Ensure complementary user entity controls are identified and operating.,"The Financial Controller extracts the complementary user entity controls from each SOC 1 report, maps them to controls operating at the entity, and confirms their operating effectiveness. Gaps are remediated and tracked.",Detective,Manual,Annual,Indirect (ELC),Monitoring Activities,Yes,No,Financial Controller,Mapping reviewed independently of the process owner responsible for the control.,Inspect the CUEC mapping methodology and the remediation tracking.,"For each SOC 1 report, inspect the CUEC listing, the mapping to entity controls and evidence those controls operate.",CUEC mapping workpapers,All in-scope reports
TPM-05,All industries,Third Party Management,Assurance,R-TPM-05,Controls at a subservice organisation carved out of the SOC 1 report are not covered by any assurance.,Medium,Ensure carved-out subservice organisations are identified and addressed.,"For each SOC 1 report using the carve-out method, the Financial Controller identifies the subservice organisations excluded and obtains assurance over them directly or documents the alternative procedures performed.",Detective,Manual,Annual,Indirect (ELC),Monitoring Activities,No,No,Financial Controller,Assessment documented and reviewed rather than assumed covered.,Inspect the methodology for identifying carve-outs from SOC 1 reports.,"For each carve-out identified, inspect the assurance obtained or the alternative procedures documented.",SOC 1 reports; subservice assessments,All carve-outs identified
TPM-06,All industries,Third Party Management,Monitoring,R-TPM-06,"Third party performance deteriorates without detection, disrupting processes on which reporting depends.",Low,Ensure third party performance is monitored against contracted service levels.,"Relationship owners review performance against contracted service levels quarterly for tier one third parties, document issues and escalate persistent underperformance to the Procurement Director.",Detective,Manual,Quarterly,Indirect (ELC),Monitoring Activities,No,No,Procurement Director,Escalation route independent of the relationship owner.,Inspect the monitoring procedure and the tiering that determines review frequency.,Select a sample of tier one third parties; inspect quarterly performance reviews and evidence of escalation where relevant.,Third party performance reviews,25 reviews
ELC-01,All industries,Governance & Entity Level Controls,Control Environment,R-ELC-01,"Ethical standards are not communicated or reinforced, permitting a culture in which misconduct is tolerated.",Medium,Ensure the code of conduct is communicated and acknowledged.,"The code of conduct is issued to all employees on hire and annually thereafter, with electronic acknowledgement tracked to completion. Non-completion is escalated to the line manager and to HR.",Preventive,IT-Dependent Manual,Annual,Indirect (ELC),Control Environment,Yes,Yes,General Counsel,Completion tracked centrally rather than self-certified by business units.,"Inspect the code of conduct, the distribution process and the tracking mechanism.","Inspect the annual completion report, the rate achieved and evidence of escalation for non-completion.",Acknowledgement tracking reports,Annual cycle
ELC-02,All industries,Governance & Entity Level Controls,Control Environment,R-ELC-02,"Concerns about misconduct are not reported or are not investigated, allowing fraud to continue undetected.",High,Ensure a whistleblower channel operates and reports are investigated.,"An independently operated whistleblower hotline permits anonymous reporting. Reports are logged, triaged and investigated under a documented protocol, and the Audit Committee receives a summary of all reports and their outcomes each quarter.",Detective,Manual,Quarterly,Indirect (ELC),Information & Communication,Yes,Yes,Audit Committee Chair,Hotline operated by an independent provider; reports concerning senior management routed directly to the Audit Committee.,"Inspect the whistleblower policy, the independence of the provider and the investigation protocol.","Inspect the report log and, for a sample, the investigation performed and the outcome. Inspect quarterly Audit Committee reporting.",Whistleblower log; Audit Committee minutes,All quarters; 25 reports
ELC-03,All industries,Governance & Entity Level Controls,Governance,R-ELC-03,The Audit Committee lacks the independence or competence to challenge management effectively.,High,Ensure the Audit Committee is appropriately composed and discharges its responsibilities.,"The Audit Committee comprises independent non-executive directors including at least one with recent and relevant financial experience. It meets at least quarterly against a terms of reference covering financial reporting, internal control, internal audit and external audit, and meets privately with internal and external audit.",Preventive,Manual,Quarterly,Indirect (ELC),Control Environment,Yes,No,Board of Directors,Committee independent of management; private sessions held without management present.,Inspect the terms of reference and the composition against independence and competence criteria.,"Inspect minutes for each meeting in the period, confirming coverage of the terms of reference and the holding of private sessions.",Audit Committee terms of reference and minutes,All meetings in period
ELC-04,All industries,Governance & Entity Level Controls,Risk Assessment,R-ELC-04,"Risks to financial reporting are not identified, so controls are not designed to address them.",High,Ensure risks to financial reporting are identified and assessed periodically.,"Management performs an annual financial reporting risk assessment covering significant accounts, disclosures and processes, considering changes in the business, systems and the external environment. Results drive the scoping of the control framework and are reviewed by the Audit Committee.",Preventive,Manual,Annual,Indirect (ELC),Risk Assessment,Yes,No,Chief Financial Officer,Assessment challenged by the Audit Committee independently of management.,Inspect the risk assessment methodology and its linkage to control scoping.,"Inspect the annual assessment, the changes made to scope as a result, and evidence of Audit Committee review.",Annual risk assessment documentation,Annual assessment
ELC-05,All industries,Governance & Entity Level Controls,Risk Assessment,R-ELC-05,"Fraud risks, including management override, are not specifically assessed or addressed.",High,Ensure fraud risks are assessed and responded to.,"An annual fraud risk assessment identifies fraud schemes relevant to the organisation, the incentives, opportunities and rationalisations present, and maps each to controls. Management override risk is specifically addressed. Results are reported to the Audit Committee.",Preventive,Manual,Annual,Indirect (ELC),Risk Assessment,Yes,Yes,Chief Financial Officer,Assessment includes risks arising from management itself and is reviewed by the Audit Committee.,"Inspect the fraud risk assessment methodology, including coverage of management override.","Inspect the annual assessment, the mapping of schemes to controls, and reporting to the Audit Committee.",Fraud risk assessment documentation,Annual assessment
ELC-06,All industries,Governance & Entity Level Controls,Control Environment,R-ELC-06,Authority is exercised beyond delegated limits because the delegation of authority is outdated or unclear.,Medium,Ensure the delegation of authority is current and applied.,"The delegation of authority is approved by the Board, reviewed at least annually and on organisational change, and is reflected in system approval workflows. Changes are communicated to affected approvers.",Preventive,Manual,Annual,Indirect (ELC),Control Activities,Yes,No,Company Secretary,Board approves; management cannot expand its own authority.,"Inspect the delegation of authority, its approval and the linkage to system workflow configuration.","Inspect the annual review and Board approval, and reconcile a sample of system approval thresholds to the current matrix.",Delegation of authority; Board minutes,Annual review
ELC-07,All industries,Governance & Entity Level Controls,Competence,R-ELC-07,"Finance personnel lack the competence required, increasing the risk of error in financial reporting.",Medium,Ensure finance roles are filled by competent individuals whose skills are maintained.,"Finance roles have defined competency requirements applied in recruitment. Performance is evaluated annually against objectives, training needs are identified, and professional qualifications and continuing development are tracked.",Preventive,Manual,Annual,Indirect (ELC),Control Environment,No,No,HR Director,Evaluation performed by the line manager and moderated independently.,Inspect role competency definitions and the evaluation and training processes.,"Select a sample of finance staff; inspect evidence of evaluation, identified training needs and completion.",Job descriptions; performance and training records,25 employees
ELC-08,All industries,Governance & Entity Level Controls,Monitoring,R-ELC-08,"Identified control deficiencies are not remediated, so weaknesses persist across reporting periods.",High,"Ensure control deficiencies are evaluated, tracked and remediated.","Deficiencies from any source are logged, evaluated for severity against defined criteria, assigned an owner and remediation date, and tracked to closure. Status is reported to the Audit Committee quarterly, and significant deficiencies and material weaknesses are escalated on identification.",Detective,Manual,Quarterly,Indirect (ELC),Monitoring Activities,Yes,No,Chief Financial Officer,Severity evaluation reviewed independently of the process owner responsible for the deficiency.,Inspect the deficiency evaluation criteria and the tracking and escalation process.,"Inspect the deficiency log, a sample of severity evaluations, evidence of remediation, and quarterly Audit Committee reporting.",Deficiency log; Audit Committee minutes,All quarters; 25 deficiencies
ELC-09,All industries,Governance & Entity Level Controls,Monitoring,R-ELC-09,"Management overrides controls without detection, circumventing the control framework.",High,Ensure indicators of management override are monitored.,"Monitoring covers indicators of override, including manual journals posted by senior finance management, significant unusual transactions, changes in accounting estimates favouring reported results, and overrides of system-enforced controls. The Audit Committee reviews the results quarterly.",Detective,IT-Dependent Manual,Quarterly,Indirect (ELC),Monitoring Activities,Yes,Yes,Audit Committee Chair,Monitoring cannot be performed solely by the individuals whose conduct is being monitored.,Inspect the override indicators defined and the reporting route to the Audit Committee.,"For each quarter, inspect the monitoring performed, items identified, investigation and reporting to the Audit Committee.",Override monitoring reports; minutes,All quarters in period
ELC-10,All industries,Governance & Entity Level Controls,Information & Communication,R-ELC-10,Accounting policies are inconsistently applied because they are not documented or communicated.,Medium,"Ensure accounting policies are documented, current and applied consistently.","A group accounting manual documents policies for significant transactions, is reviewed annually for changes in the reporting framework, and is communicated to all reporting entities. Departures require Group Financial Controller approval.",Preventive,Manual,Annual,"P&D, A/V",Information & Communication,Yes,No,Group Financial Controller,Departures approved centrally rather than determined locally.,"Inspect the accounting manual, the annual review process and the departure approval requirement.","Inspect the annual review performed, changes made for new requirements, evidence of communication, and any approved departures.",Group accounting manual; review records,Annual review
