Reference,Industry,Process,Sub-process,Risk,Why this matters,Risk rating,Risk category,Audit objective,What to review,Procedures,Red flags,Evidence to request,Measures
IA-BNK-05,Banking and financial institutions,Credit & Lending,Credit Origination and Documentation,"Facilities are drawn on incomplete or unenforceable documentation, so the bank cannot enforce its rights on default.","If the paperwork behind a loan is incomplete, the bank may not be able to enforce it in court when the borrower stops paying.",High,Compliance,"Confirm credit documentation is complete, executed and enforceable before drawdown.","1. Completeness of the credit file — agreements, security, conditions precedent
2. Execution and legal review of non-standard documentation
3. Conditions precedent satisfied before disbursement
4. Document custody and retrieval
5. Covenant terms recorded in the monitoring system","1. Sample facilities and test the credit file for executed agreements and evidence of conditions precedent.
2. Test that non-standard terms received legal review before execution.
3. Test whether covenants in the agreement were loaded into the monitoring system, and completely.
4. Test document custody by requesting original security documents for a sample.","1. Drawdowns before conditions precedent satisfied
2. Covenants in the agreement absent from monitoring
3. Original documents that cannot be located
4. Non-standard terms agreed without legal review","1. Credit files and agreements
2. Disbursement records
3. Covenant monitoring system extract
4. Document custody records","1. Files complete
2. CPs satisfied pre-drawdown
3. Covenants loaded to monitoring"
IA-BNK-06,Banking and financial institutions,Credit & Lending,Collateral Valuation and Perfection,"Security is unperfected or valued on stale information, so realisable value on default is far below what is recorded.","Security is what the bank falls back on when a loan goes bad. If it was never registered properly or is worth less than recorded, that fallback is not there.",High,Financial,"Confirm collateral is legally perfected and valued on a current, independent basis.","1. Legal perfection — registration, charges, priority
2. Valuation frequency by asset class and independence of valuers
3. Loan-to-value monitoring and breach action
4. Insurance over charged assets
5. Release of security and its authorisation","1. Test perfection evidence for a sample of secured exposures, including registration at the relevant registry.
2. Test valuation currency against policy and re-perform loan-to-value calculations.
3. Test valuer independence and panel rotation.
4. Test that insurance over charged assets is current and the bank is noted as interested party.","1. Charges unregistered or registered late
2. Valuations years out of date on volatile asset classes
3. Same valuer used for all exposures to one borrower
4. Insurance lapsed on charged property","1. Collateral register and legal files
2. Registry search results
3. Valuation reports
4. Insurance certificates","1. Exposures with perfected security
2. Valuations within policy age
3. LTV breaches actioned"
IA-BNK-07,Banking and financial institutions,Credit & Lending,Covenant Monitoring,"Borrower covenant breaches are not detected, so deterioration is not acted on and the bank loses its intervention rights.",Loan agreements contain promises the borrower must keep. Nobody checking them means the bank misses the early warning that the borrower is in trouble.,High,Financial,Confirm borrower covenants are monitored and breaches escalated and acted upon.,"1. Completeness of covenants captured from agreements
2. Receipt and review of borrower financial information
3. Timeliness of covenant testing after each reporting date
4. Waiver and amendment authority
5. Link between breach and risk grading or staging","1. Recompute covenants for a sample of borrowers from their submitted financials.
2. Test whether borrower information was received on time and chased when late.
3. Test waivers granted for authorisation at the correct level and for whether pricing or security was adjusted.
4. Test whether breaches fed through to risk grading.","1. Waivers granted routinely to the same borrowers
2. Financial information outstanding for months
3. Covenants recomputed only at year end
4. Breaches with no effect on grading","1. Facility agreements
2. Borrower financial submissions
3. Covenant testing records
4. Waiver approvals","1. Covenants tested on time
2. Waivers granted
3. Breaches reflected in grading"
IA-BNK-08,Banking and financial institutions,Credit & Lending,Problem Loan and Watchlist Management,"Deteriorating exposures are not moved to specialist management early enough, reducing recovery.","The earlier a struggling borrower is handed to specialists, the more money the bank gets back.",High,Financial,Assess whether early warning indicators work and problem exposures are managed by the right people.,"1. Early warning indicator design, coverage and response
2. Watchlist criteria and transfer to specialist workout
3. Independence of workout from origination
4. Recovery strategies and their execution
5. Provisioning alignment with the workout view","1. Test whether early warning indicators triggered and what happened when they did.
2. Compare the date deterioration was observable in data to the date the exposure was watchlisted.
3. Test that workout management is independent of the originating relationship manager.
4. Compare recovery outcomes to strategies agreed at transfer.","1. Exposures watchlisted only once past due
2. Relationship managers retaining problem exposures
3. Indicators triggering with no recorded response
4. Recovery strategies never revisited","1. Early warning reports
2. Watchlist and transfer records
3. Workout files
4. Recovery outcomes","1. Time from indicator to watchlist
2. Exposures in workout
3. Recovery rate"
IA-BNK-09,Banking and financial institutions,Credit & Lending,Credit Risk Models and Rating Integrity,"Internal ratings and credit models are inaccurate or overridden, understating risk and regulatory capital.",Ratings drive how much the loan costs and how much capital the bank must hold. Inflated ratings make the bank look safer than it is.,High,Financial,"Assess the integrity, validation and use of internal credit ratings and models.","1. Model development, validation and approval governance
2. Rating override frequency, direction and justification
3. Data quality feeding models
4. Back-testing of predicted against actual default
5. Use test — whether ratings actually drive decisions and pricing","1. Analyse rating overrides by direction and originator; overrides consistently improving ratings warrant testing.
2. Review validation reports and test whether findings were remediated.
3. Back-test rating performance against realised defaults.
4. Test whether ratings genuinely drive pricing and approval, or are produced after the decision.","1. Overrides almost always upward
2. Validation findings open across cycles
3. Models unchanged despite deteriorating performance
4. Ratings assigned after the credit decision","1. Model documentation and validation reports
2. Rating and override data
3. Default history
4. Pricing records","1. Override rate and direction
2. Validation findings open
3. Back-test accuracy"
IA-BNK-10,Banking and financial institutions,Credit & Lending,Concentration and Large Exposures,Exposure concentrations breach regulatory or internal limits because connected counterparties are not grouped correctly.,"Lending too much to one customer, or several linked ones, means a single failure can hurt the whole bank. Regulators cap this for good reason.",High,Compliance,Confirm exposures are aggregated correctly and remain within limits.,"1. Connected counterparty identification and grouping
2. Aggregation across products, entities and geographies
3. Regulatory large exposure limits and internal appetite
4. Sector, geographic and collateral concentration
5. Breach identification and escalation","1. Test the grouping of connected counterparties against ownership and control data.
2. Recompute large exposures against regulatory limits at several dates.
3. Analyse concentration by sector and geography against appetite.
4. Test escalation of breaches and whether limits were raised rather than exposures reduced.","1. Connected borrowers treated as unrelated
2. Exposure aggregation excluding off-balance sheet commitments
3. Limits raised immediately after a breach
4. Concentration reported only at year end","1. Exposure data by counterparty and group
2. Ownership and control information
3. Limit framework
4. Breach records","1. Exposures over limit
2. Groups correctly aggregated
3. Breach escalations"
IA-BNK-11,Banking and financial institutions,Financial Crime,Customer Due Diligence and Risk Rating,"Customer risk is rated incorrectly at onboarding, so the level of due diligence and monitoring applied is wrong from the start.",How risky a customer is decided at the start determines how closely they are watched forever after. Getting it wrong at onboarding is a mistake that persists.,High,Compliance,Confirm customer risk rating drives due diligence and is refreshed as behaviour changes.,"1. Risk rating methodology and its factors
2. Enhanced due diligence for high-risk customers and PEPs
3. Beneficial ownership identification and verification
4. Periodic review cycles by risk tier
5. Rating overrides and who may make them","1. Sample customers across risk tiers and test that due diligence matches the rating applied.
2. Test beneficial ownership identification for corporate customers, including layered structures.
3. Test rating overrides for approval and rationale.
4. Quantify overdue periodic reviews and test whether high-risk customers continued transacting.","1. Ratings downgraded to avoid enhanced due diligence
2. Beneficial ownership recorded as the immediate holder only
3. Periodic reviews overdue on the highest-risk customers
4. Overrides made by relationship staff","1. Customer files and risk ratings
2. Beneficial ownership records
3. Periodic review reports
4. Override logs","1. EDD completed for high risk
2. Overdue reviews
3. Ownership verified"
IA-BNK-12,Banking and financial institutions,Financial Crime,Correspondent Banking and Trade Finance,Correspondent and trade finance relationships are used to move illicit funds because the underlying activity is not scrutinised.,"Trade finance and correspondent banking move money across borders in ways that are hard to see through, which is exactly why criminals use them.",High,Compliance,Assess controls over higher-risk financial crime channels.,"1. Correspondent bank due diligence and Wolfsberg-style questionnaires
2. Nested and downstream relationship identification
3. Trade document review for dual-use goods and price manipulation
4. Sanctions screening on trade parties, vessels and ports
5. Country and product risk assessment","1. Test correspondent due diligence currency and whether nested relationships were identified.
2. Sample trade transactions and test document review for over- or under-invoicing and dual-use goods.
3. Test vessel and port screening on shipping documents.
4. Test whether high-risk corridors receive additional scrutiny.","1. Correspondent questionnaires years old
2. Nested relationships discovered by the regulator
3. Trade documents reviewed for form only
4. Vessels not screened","1. Correspondent due diligence files
2. Trade transaction files and documents
3. Screening records
4. Country risk assessments","1. Correspondents with current DD
2. Trade files with substantive review
3. Screening coverage"
IA-BNK-13,Banking and financial institutions,Financial Crime,Fraud Detection and Customer Protection,"Customers are defrauded through account takeover, authorised push payment scams or card fraud, and the bank bears loss and censure.","When customers are defrauded, the bank often has to reimburse them, and regulators judge how well it protected them.",High,Fraud,"Assess the effectiveness of fraud prevention, detection and customer reimbursement.","1. Authentication and step-up controls for payments and account changes
2. Fraud detection rules, machine learning models and their tuning
3. Confirmation of payee and scam warnings
4. Reimbursement decisions and their consistency
5. Mule account detection","1. Analyse fraud losses by type and channel and test whether controls were adjusted after each pattern emerged.
2. Test authentication for high-risk actions such as payee changes and device registration.
3. Review reimbursement decisions for consistency with the regulatory standard.
4. Test mule account detection — accounts receiving and rapidly dispersing funds.","1. Losses rising in a channel with no rule change
2. Reimbursement declined inconsistently
3. Mule accounts identified only after victim reports
4. Step-up authentication bypassable through a channel","1. Fraud loss data by type
2. Detection rule configuration
3. Reimbursement decisions
4. Mule account investigations","1. Fraud loss rate
2. Detection rate before customer report
3. Reimbursement consistency"
IA-BNK-14,Banking and financial institutions,Financial Crime,"Anti-Bribery, Corruption and Tax Evasion Facilitation","The bank facilitates bribery or tax evasion through its customers or its own conduct, triggering corporate criminal liability.","Companies can be prosecuted for failing to prevent bribery or tax evasion by people acting for them, even if senior management knew nothing.",High,Compliance,Assess the adequacy of procedures to prevent facilitation of financial crime by staff and associates.,"1. Risk assessment for bribery and facilitation of tax evasion
2. Gifts, hospitality and political donation controls
3. Third-party intermediaries and introducer arrangements
4. Training for high-risk roles
5. Investigation and reporting of suspected facilitation","1. Test the bribery and facilitation risk assessment for coverage of the actual business model.
2. Review the gifts and hospitality register for completeness and approval of high-value items.
3. Test due diligence on introducers and intermediaries and the basis of their remuneration.
4. Test training completion for high-risk and client-facing roles.","1. Introducers paid success fees with no due diligence
2. Gifts register with implausibly few entries
3. Risk assessment not covering key jurisdictions
4. Training completion low in front-office roles","1. Risk assessments
2. Gifts and hospitality register
3. Introducer agreements and payments
4. Training records","1. High-risk roles trained
2. Introducers with due diligence
3. Register entries vs. expectation"
IA-BNK-15,Banking and financial institutions,Deposits & Payments,Branch and Cash Operations,Cash and negotiable instruments are misappropriated at branches through teller manipulation or vault control failure.,"Branches hold physical cash, and small amounts taken repeatedly add up long before anyone notices.",High,Fraud,Assess physical and procedural controls over cash and instruments in branch operations.,"1. Teller limits, cash-outs and end-of-day balancing
2. Vault dual control and access logging
3. Surprise cash counts and their independence
4. Suspense and difference accounts at branch level
5. Negotiable instrument stock control","1. Perform surprise cash counts at a sample of branches and agree to records.
2. Analyse teller differences by individual — small persistent differences can indicate skimming.
3. Test vault access logs for single-person access events.
4. Review branch suspense accounts for aged items.","1. Recurring small teller differences by the same person
2. Vault accessed by one person
3. Surprise counts announced in advance
4. Suspense items cleared just before a count","1. Cash records and teller balancing reports
2. Vault access logs
3. Surprise count records
4. Branch suspense accounts","1. Teller difference frequency
2. Surprise counts performed
3. Aged suspense items"
IA-BNK-16,Banking and financial institutions,Deposits & Payments,Payment Operations and Settlement,"Payments fail, settle late or are duplicated, causing customer loss, liquidity impact and regulatory breach.","When payments fail or duplicate, customers lose money and the bank has to make it good, on top of the regulatory attention.",High,Operational,"Assess controls over payment processing, settlement and exception handling.","1. Straight-through processing rates and manual repair volumes
2. Cut-off times, settlement finality and liquidity management
3. Duplicate and erroneous payment detection and recovery
4. Payment scheme rules compliance
5. Resilience of payment channels and contingency arrangements","1. Analyse manual repair volumes and who performs them; manual intervention is where error and fraud enter.
2. Test duplicate payment detection and the recovery of identified duplicates.
3. Test compliance with scheme rules on timing and messaging standards.
4. Review payment incidents and test whether root causes were remediated.","1. High manual repair rates in one channel
2. Repairs performed by the same person who inputs
3. Duplicates identified by customers rather than the bank
4. Recurring incidents with the same cause","1. Payment processing data
2. Repair and exception logs
3. Incident records
4. Scheme compliance reporting","1. STP rate
2. Manual repairs
3. Payment incidents"
IA-BNK-17,Banking and financial institutions,Deposits & Payments,Customer Complaints and Conduct,"Complaints are not identified, investigated fairly or used to detect systemic customer harm.",Complaints are the cheapest early warning a bank gets. Ignoring them turns one customer's problem into a redress bill for thousands.,High,Compliance,"Assess whether complaint handling is fair, timely and drives correction of root causes.","1. Complaint identification — including expressions of dissatisfaction not logged as complaints
2. Investigation quality, timeliness and outcome fairness
3. Root cause analysis and systemic issue identification
4. Redress calculation and delivery
5. Ombudsman referrals and overturn rates","1. Sample closed complaints and reassess whether the outcome was fair on the facts.
2. Test whether complaints are being logged at first point of contact or filtered out.
3. Test whether root causes were identified and remediated, including proactive redress for similarly affected customers.
4. Analyse ombudsman overturn rates as an indicator of internal decision quality.","1. Complaints resolved verbally and never logged
2. High ombudsman overturn rate
3. Redress paid only to those who complained
4. Root cause recorded as ""customer misunderstanding""","1. Complaint records and case files
2. Ombudsman decisions
3. Root cause analyses
4. Redress calculations","1. Complaints per 1,000 customers
2. Ombudsman overturn rate
3. Systemic issues identified"
IA-BNK-18,Banking and financial institutions,Deposits & Payments,Product Governance and Customer Outcomes,"Products are sold to customers for whom they are unsuitable, or perform differently from what was represented.","Selling a product to someone it was never designed for eventually means paying them back, often years later and with interest.",High,Compliance,"Assess whether products are designed, targeted and monitored for good customer outcomes.","1. Product approval process and target market definition
2. Distribution against the intended target market
3. Fair value assessment and pricing
4. Post-sale monitoring of customer outcomes
5. Vulnerable customer identification and treatment","1. Test sales data against the defined target market and quantify sales outside it.
2. Review the fair value assessment for products with high margin or low usage.
3. Test outcome monitoring — cancellation rates, complaints, claims declined — for signals of poor outcomes.
4. Test identification and treatment of vulnerable customers in the sales process.","1. Products sold well outside the target market
2. Fair value assessments concluding value in every case
3. High early cancellation rates unexplained
4. Vulnerability flags not visible to front-line staff","1. Product approval documentation
2. Sales and distribution data
3. Fair value assessments
4. Outcome monitoring reports","1. Sales outside target market
2. Early cancellation rate
3. Vulnerable customers identified"
IA-BNK-01,Banking and financial institutions,Credit & Lending,Credit Underwriting,"Credit decisions are influenced by relationship pressure or incentive targets, so exceptions to policy become routine rather than exceptional.","If salespeople can push through loans that break the rules, the bank ends up with borrowers who were never going to pay.",High,Operational,"Assess whether credit policy exceptions are genuinely exceptional, escalated to the right level, and performing no worse than compliant lending.","1. Policy exception rate by product, branch and originator
2. Level at which exceptions are approved
3. Performance of exception loans versus the book
4. Incentive structures for lending staff
5. Override of automated credit scores","1. Extract all loans booked with a policy exception; analyse rate by originator, branch and product against the portfolio average.
2. Test that each exception was approved at the level the policy requires, not one below.
3. Compare arrears and default rates of exception loans to compliant loans of the same vintage.
4. Review the incentive plan for lending staff and test whether volume targets dominate credit quality measures.
5. Investigate cases where an automated score was manually overridden and trace the justification.","1. Exceptions concentrated with a small number of originators
2. Exceptions approved by the originator's immediate manager only
3. Rising exception rate near quarter end
4. Overrides without recorded justification","1. Loan origination system extract
2. Credit policy and delegated authority matrix
3. Arrears and default data by vintage
4. Incentive plan documents","1. Policy exception rate
2. Default rate: exception vs compliant
3. % exceptions approved at correct level"
IA-BNK-02,Banking and financial institutions,Financial Crime,"AML, KYC and Sanctions","Customer due diligence is incomplete or out of date, and transaction monitoring alerts are closed without adequate investigation, exposing the bank to regulatory enforcement.","Banks are legally required to know who their customers are and to report suspicious activity. Getting this wrong brings fines and, sometimes, criminal charges.",High,Compliance,"Determine whether customer due diligence, screening and transaction monitoring operate as designed and that alerts are investigated to a defensible standard.","1. CDD and enhanced due diligence completeness at onboarding
2. Periodic review cycle for existing customers, especially high risk
3. Sanctions and PEP screening coverage and tuning
4. Transaction monitoring alert backlog and closure quality
5. Suspicious activity report timeliness and quality","1. Sample customer files across risk ratings and test CDD completeness against policy, including source of funds for high-risk customers.
2. Quantify overdue periodic reviews by risk rating and test whether relationships continued to transact.
3. Re-perform screening on a sample of customers and counterparties to confirm the system produces the expected hits.
4. Sample closed monitoring alerts and reassess whether the closure rationale is supportable; measure closure rate by analyst.
5. Test elapsed time from alert to suspicious activity report filing against the regulatory deadline.","1. A single analyst closing far more alerts than peers
2. Alerts closed with template narratives
3. Screening rules relaxed after a volume spike
4. High-risk customers overdue for review still transacting","1. Customer files and CDD records
2. Alert management system extract
3. Screening system configuration and tuning records
4. SAR register and regulator correspondence","1. Overdue periodic reviews
2. Alert closure rate by analyst
3. Days from alert to SAR filing"
IA-INS-01,Insurance,Claims,Claims Leakage,"Claims are settled for more than the policy requires because coverage is not properly applied, subrogation is not pursued and reserves anchor the settlement.","Every extra pound paid on a claim beyond what the policy requires is profit gone, and it happens quietly across thousands of claims.",High,Operational,Quantify claims leakage and identify where in the handling process value is lost.,"1. Coverage verification before settlement
2. Reserve setting discipline and reserve movement patterns
3. Subrogation and recovery identification
4. Use of preferred suppliers and negotiated rates
5. Settlement authority adherence","1. Re-review a sample of closed claims against policy wording and quantify amounts paid above entitlement.
2. Analyse reserve movements: claims settled at or near the initial reserve may indicate anchoring rather than assessment.
3. Identify closed claims with third-party liability indicators and test whether subrogation was pursued.
4. Compare settlement values by handler and by supplier for similar claim types.","1. Settlements clustered just below authority limits
2. Claims closed with no subrogation review
3. A handler consistently settling above peer averages
4. Repeat claimants across policies","1. Claims system extract with reserve history
2. Policy wordings
3. Supplier panel agreements
4. Subrogation recovery records","1. Leakage as % of claims paid
2. Subrogation recovery rate
3. Average settlement by handler"
IA-INS-02,Insurance,Distribution,Broker and Agent Management,"Business is written through intermediaries who are not authorised, whose commissions are calculated incorrectly, or who mis-sell products to unsuitable customers.","Brokers and agents sell using the insurer's name, so whatever they do wrong lands on the insurer's desk.",High,Compliance,"Confirm intermediaries are properly appointed and monitored, and that commission and conduct risks are controlled.","1. Intermediary appointment, licensing and vetting
2. Commission calculation and payment accuracy
3. Product suitability and sales conduct monitoring
4. Premium collection and client money handling by intermediaries
5. Complaint and cancellation patterns by intermediary","1. Reconcile intermediaries paid commission to the approved and licensed intermediary register.
2. Recompute commission for a sample of policies against the agency agreement and test clawback on early cancellation.
3. Analyse lapse, cancellation and complaint rates by intermediary and investigate the outlier tail.
4. Test premium remittance timeliness against the agency agreement and quantify amounts held beyond terms.","1. Commission paid to intermediaries with lapsed licences
2. High early-cancellation rates concentrated with one agent
3. Premium remitted late or netted against commission
4. Policies written for customers outside the target market","1. Intermediary register and agency agreements
2. Commission payment records
3. Policy lapse and complaint data
4. Premium remittance records","1. Early cancellation rate by intermediary
2. Commission error rate
3. Days to remit premium"
IA-MFG-01,Manufacturing and industrial products,Production & Costing,Production Planning and Yield,"Actual production yield falls below standard and the loss is absorbed in variances rather than investigated, masking equipment, material or process failure.","Material that goes in but does not come out as product is money lost. If it is buried in general variances, nobody fixes the cause.",Medium,Operational,Evaluate whether yield and scrap losses are measured accurately at the line level and driven down through root-cause action.,"1. Yield and scrap reporting accuracy at each production stage
2. Rework classification and cost capture
3. Root-cause analysis on repeat losses
4. Machine downtime capture and maintenance linkage
5. Bill of materials accuracy versus actual consumption","1. Reconcile material issued to output produced plus scrap for a sample of production orders; investigate unexplained gaps.
2. Compare reported yield by line and shift; test whether the reporting is system-generated or manually entered.
3. Trace repeat scrap causes through to a corrective action with a verified closure.
4. Compare bill of materials quantities to actual consumption for high-volume products.","1. Yield reported identically period after period
2. Scrap recorded in bulk at month end
3. Rework not distinguished from first-pass output
4. Downtime attributed to a generic category","1. Production order records
2. Scrap and rework logs
3. Machine downtime data
4. Bills of materials","1. First-pass yield %
2. Scrap as % of material issued
3. Overall equipment effectiveness"
IA-MFG-02,Manufacturing and industrial products,"Health, Safety & Environment",Workplace Safety and Environmental Compliance,"Safety incidents are under-reported and environmental permit conditions are breached, exposing the company to enforcement, shutdown and reputational damage.","Safety and environmental breaches can shut a plant down, and they injure people. This is not a financial risk first.",High,Compliance,"Assess whether safety and environmental obligations are identified, monitored and actually met at plant level.","1. Permit inventory and condition tracking
2. Incident and near-miss reporting culture
3. Corrective action closure after incidents
4. Emissions, effluent and waste monitoring and reporting
5. Contractor safety management on site","1. Build an inventory of environmental permits and test compliance with each material condition, including monitoring and reporting deadlines.
2. Compare reported incident rates across plants; a plant with an implausibly low rate warrants interview-based testing.
3. Trace a sample of incidents to root-cause analysis and verify the corrective action was implemented, not just recorded.
4. Test contractor induction, permit-to-work and competency records for work performed on site.","1. Near-miss reporting falling while incidents hold steady
2. Corrective actions closed with no evidence
3. Monitoring results clustered just inside the permit limit
4. Contractors working without a permit to work","1. Permit register and regulator correspondence
2. Incident management system
3. Monitoring and emissions data
4. Contractor induction and permit-to-work records","1. Total recordable incident rate
2. Near-miss to incident ratio
3. % permit conditions evidenced
4. Corrective actions overdue"
IA-RTL-01,Retail chains,Store Operations,Store Cash and Refund Abuse,"Store staff generate refunds, voids or discounts against genuine sales and remove the cash, or apply staff discounts to customer transactions.","Tills are where cash and staff meet thousands of times a day, and a refund against a real sale is the easiest way to take money.",High,Fraud,Identify cash losses arising from transaction manipulation at the point of sale and test whether monitoring detects them.,"1. Refund, void and no-sale authorisation at the till
2. Refunds without an original receipt or card match
3. Staff discount usage patterns
4. Till variance investigation thresholds
5. CCTV coverage over till points","1. Analyse refunds by cashier per hundred transactions and rank stores and operators; select the outlier tail for CCTV review.
2. Test refunds processed to a different payment method than the original sale.
3. Match staff discount transactions to employee purchase records and test for use on non-employee sales.
4. Test whether till variances below the investigation threshold accumulate to a material amount by operator.","1. Refunds concentrated in the operator's own shift with no customer present on CCTV
2. Repeated small variances just under the threshold
3. Voids immediately after a cash sale
4. Discount cards used at multiple stores","1. Point-of-sale transaction log
2. Till variance reports
3. Employee discount card register
4. CCTV footage","1. Refunds per 100 transactions by operator
2. Till variance per store
3. Voids as % of sales"
IA-RTL-02,Retail chains,Merchandising,Supplier Terms and Delivery Compliance,"Suppliers under-deliver, deliver late or invoice outside agreed terms, and the store network absorbs the loss because claims are never raised.","If suppliers under-deliver or overcharge and nobody claims it back, the loss is simply absorbed store by store.",Medium,Operational,"Confirm that goods received match what was ordered and invoiced, and that supplier non-compliance is claimed and recovered.","1. Three-way match discipline between order, receipt and invoice
2. Short and damaged delivery claim process
3. On-time in-full performance by supplier
4. Price differences between contract and invoice
5. Deduction and chargeback recovery","1. Quantify receipts posted without a purchase order and invoices paid without a matched receipt.
2. Re-price a sample of invoices against contracted terms and quantify overcharges.
3. Analyse on-time in-full performance by supplier and test whether contractual service credits were claimed.
4. Test the ageing of open supplier claims and the recovery rate.","1. Receipts booked in full despite recorded shortages
2. Claims raised but never followed up
3. Price variances always in the supplier's favour
4. A supplier consistently below service level with no credits taken","1. Purchase order, receipt and invoice data
2. Supplier contracts and trading terms
3. Claims and deductions register
4. On-time in-full reporting","1. Price variance recovered
2. OTIF % by supplier
3. Open claims ageing"
IA-AVN-01,Aviation and airlines,Safety & Regulatory Compliance,Airworthiness and Maintenance Compliance,Aircraft are released to service without all required maintenance tasks and airworthiness directives being completed and certified.,"An aircraft with incomplete maintenance records cannot legally fly, regardless of whether the work was actually done.",High,Compliance,Confirm that maintenance is performed and certified by authorised personnel and that airworthiness records are complete and traceable.,"1. Airworthiness directive and service bulletin compliance tracking
2. Certifying staff authorisation scope and currency
3. Deferred defect management against the minimum equipment list
4. Parts traceability and approved supply chain
5. Maintenance record retention and integrity","1. Select applicable airworthiness directives and trace each to a completed and certified work package within the required interval.
2. Test that certifying signatures belong to staff whose authorisation covers that aircraft type and task, and was current on the date.
3. Analyse deferred defects for items carried beyond the MEL time limit or repeatedly re-deferred.
4. Trace a sample of fitted parts to release certificates and approved suppliers.","1. Defects repeatedly deferred and re-raised
2. Certification by staff whose authorisation lapsed
3. Parts fitted without an airworthiness release certificate
4. Records completed retrospectively in blocks","1. Maintenance information system records
2. Airworthiness directive register
3. Certifying staff authorisation records
4. Parts release certificates
5. Regulator audit findings","1. AD compliance rate
2. Deferred defects beyond limit
3. % work packages certified in time"
IA-AVN-02,Aviation and airlines,Ground Operations,Ramp Handling and Aircraft Damage,"Ground handling errors damage aircraft, delay departures and generate airline chargebacks that are absorbed rather than investigated.","Damage on the ground grounds aircraft and generates claims from airlines, and it is often discovered by the customer rather than the handler.",High,Operational,"Assess control over ramp operations, damage reporting and the recovery or prevention of associated cost.","1. Ground support equipment maintenance and operator licensing
2. Aircraft damage reporting and investigation
3. Delay coding accuracy and attribution
4. Load control and weight and balance accuracy
5. Airside driving permits and training currency","1. Reconcile ground damage incidents reported internally to airline claims received; investigate claims with no internal report.
2. Test operator licensing and training currency for a sample of ramp staff and equipment types.
3. Analyse delay codes attributed to handling and test the supporting evidence for a sample.
4. Review load sheet accuracy against actual loading for a sample of flights.","1. Damage discovered by the airline rather than reported by the station
2. Delay codes reassigned after the fact
3. Equipment operated by staff without a current licence
4. Load sheets amended after departure","1. Ground damage register and airline claims
2. Training and licensing records
3. Delay reporting data
4. Load sheets and weight and balance records","1. Ground damage incidents per 1,000 turns
2. On-time departure %
3. Claims cost per turn"
IA-HSP-01,Hospitality and hotels,Property Operations,Front Office and Cash Handling,"Front desk staff manipulate reservations, comps and petty cash, and the loss is hidden by the volume of small transactions.","The front desk can give away rooms, discounts and refunds, and each one is money the hotel never sees.",High,Fraud,Identify cash and revenue loss at the property and assess whether property-level monitoring detects it.,"1. Comp, discount and rate-override authority at the front desk
2. Room moves and reservation cancellations after check-in
3. Petty cash and float custody
4. Paid-out and refund transactions
5. Night audit independence","1. Analyse comps, rate overrides and zero-rate stays by agent and shift; select the outlier tail for evidence of authorisation.
2. Test reservations cancelled after the guest checked in, which can conceal a cash sale.
3. Count floats unannounced at a sample of properties and agree to the recorded balance.
4. Test paid-outs and refunds for supporting documentation and guest signature.
5. Confirm the night auditor is not the same person who operated the desk during the shift audited.","1. Comps concentrated on one agent or shift
2. Repeated room moves to lower rate codes
3. Floats counted only by their own custodian
4. Guest folios adjusted after checkout","1. Property management system transaction log
2. Night audit packs
3. Petty cash and float records
4. CCTV at the front desk","1. Comps as % of room revenue
2. Overrides per agent
3. Float variance per property"
IA-HSP-02,Hospitality and hotels,Procure to Pay,Purchasing and Supplier Relationships,"Property managers direct purchasing to connected suppliers at inflated prices, outside the group procurement framework.","When each property buys locally, prices drift upward and personal relationships creep in.",High,Fraud,Assess whether property-level purchasing follows the group framework and whether supplier relationships are arm's length.,"1. Use of contracted group suppliers versus local purchasing
2. Local supplier onboarding and vetting
3. Price benchmarking against group contracts
4. Conflict of interest declarations at property level
5. Splitting of purchases below approval thresholds","1. Quantify spend outside the group contracted supplier list by property and category.
2. Compare unit prices paid locally against the group contract rate for the same items.
3. Match local supplier details against employee records for shared addresses, phone numbers and bank accounts.
4. Test for purchase orders split into amounts just below the approval threshold.","1. A property with unusually high local spend
2. Suppliers created and used only by one property
3. Invoices consistently just below the threshold
4. No competitive quotes on recurring local spend","1. Accounts payable spend by property and supplier
2. Group supplier contracts and rates
3. Employee master data
4. Purchase order records","1. % spend on contract
2. Price variance to group rate
3. Split-order exceptions"
IA-ECM-01,E-commerce,Online Revenue,"Pricing, Promotions and Digital Content","Pricing and promotion errors are published to the site and honoured at scale before anyone notices, or promotional terms are not met.","An online pricing error is honoured at scale within minutes, before anyone can react.",Medium,Operational,Assess control over what is published to customers and how quickly errors are detected and corrected.,"1. Price and promotion change approval before publication
2. Automated checks on price change magnitude
3. Stacking of promotions and discount codes
4. Speed of detection and rollback
5. Advertising and claims compliance","1. Test the approval trail for a sample of price and promotion changes published in the period.
2. Review automated tolerance checks on price changes and test whether they blocked or flagged extreme values.
3. Test whether discount codes can be stacked or reused beyond their intended limit by re-performing a checkout in a test environment.
4. Measure elapsed time from publication of known pricing errors to correction, and quantify orders honoured.","1. Discount codes shared publicly and still active
2. Price changes published outside working hours without approval
3. Repeat incidents with the same root cause
4. No monetary tolerance on automated price feeds","1. Content management change log
2. Promotion configuration records
3. Incident log for pricing errors
4. Order data for affected periods","1. Pricing incidents per quarter
2. Value honoured on error
3. Mean time to correct"
IA-ECM-02,E-commerce,IT & Technology,Customer Data and Privacy,"Personal data is retained longer than permitted, shared with third parties without a lawful basis, or exposed through weak access control.","Customer data is regulated. Keeping it too long or sharing it too widely is a fine, not just a bad look.",High,Compliance,"Determine whether personal data is held, used and shared in line with privacy obligations and consent.","1. Data inventory and lawful basis for each processing purpose
2. Consent capture and withdrawal handling
3. Retention and deletion in practice, not just in policy
4. Third-party data sharing and processor agreements
5. Access to production customer data by staff and vendors","1. Trace a sample of processing purposes to a documented lawful basis and to what customers were actually told.
2. Test deletion by selecting accounts that requested erasure and searching all systems, including backups and analytics, for residual data.
3. Reconcile third parties receiving customer data to signed processor agreements.
4. Review who holds access to production customer data and test whether that access is justified by role.","1. Marketing to customers who withdrew consent
2. Data retained ""in case it is useful""
3. Analytics tools receiving identifiable data
4. Vendor access never reviewed after onboarding","1. Data inventory and processing records
2. Consent management logs
3. Erasure request records
4. Processor agreements
5. Access listings","1. Erasure requests completed in time
2. Systems with retention enforced
3. Vendors with signed agreements"
IA-FMC-01,FMCG and consumer goods,Distribution,Route to Market and Distributor Performance,"Distributors sell outside their assigned territory, hold stock beyond shelf life, or claim promotional support they did not deliver.","Distributors buying more than they can sell means the sales figures are not real, and the stock comes back.",Medium,Operational,Assess whether distributor arrangements are performing as contracted and claims are substantiated.,"1. Territory assignment and cross-territory selling
2. Distributor stock levels and shelf-life exposure
3. Promotional claim substantiation
4. Credit exposure and payment performance
5. Distributor audits performed by the company","1. Analyse sell-in versus sell-out data by distributor to identify stock building beyond normal cover.
2. Sample promotional claims and test for evidence the activity was performed, such as photographs, invoices or third-party verification.
3. Test credit exposure by distributor against approved limits and ageing.
4. Review the company's own distributor audit programme, coverage and follow-up of findings.","1. Distributors with stock cover far above the network average
2. Claims supported by generic or reused evidence
3. Sales spikes before price increases
4. Distributor audits repeatedly deferred","1. Distributor sell-in and sell-out data
2. Promotional claim files
3. Credit exposure reports
4. Distributor audit reports","1. Stock cover days by distributor
2. % claims with valid evidence
3. Overdue distributor balances"
IA-FMC-02,FMCG and consumer goods,Quality & Product Safety,Food Safety and Product Quality,A product safety failure reaches consumers because quality controls at the plant are bypassed under production pressure.,"If a product batch is unsafe, the company must find every unit fast. Poor traceability turns a problem into a crisis.",High,Compliance,Assess whether food safety controls operate as designed under real production conditions.,"1. HACCP plan currency and critical control point monitoring
2. Deviations at critical control points and their disposition
3. Hygiene, pest control and allergen segregation
4. Supplier raw material approval and incoming testing
5. Certification audit findings and closure","1. Test critical control point monitoring records for completeness and for deviations released without a documented disposition decision.
2. Walk the plant during production and compare observed practice to the HACCP plan, particularly allergen changeover.
3. Trace incoming raw material batches to approved suppliers and required certificates of analysis.
4. Review third-party certification and regulator findings and verify corrective actions were implemented.","1. Monitoring records completed in identical handwriting at one time
2. Deviations released ""on management authority""
3. Allergen changeover cleaning shortened to hit output
4. Supplier approvals lapsed but deliveries accepted","1. HACCP plans and CCP monitoring records
2. Deviation and disposition logs
3. Supplier approval files and certificates of analysis
4. Certification audit reports","1. CCP deviations per period
2. % records complete
3. Overdue corrective actions"
IA-UTL-01,"Utilities, power and water",Asset Management,Asset Integrity and Safety Critical Maintenance,"Safety-critical network maintenance is deferred, raising the risk of asset failure, supply interruption and public harm.",Utility assets carry public safety risk. Deferring maintenance to save money moves the cost to someone's injury.,High,Operational,Assess whether inspection and maintenance of safety-critical network assets is performed on schedule and defects are closed.,"1. Asset criticality classification and inspection intervals
2. Overdue safety-critical maintenance by asset class
3. Defect close-out and interim risk mitigation
4. Vegetation management and third-party interference
5. Contractor competency for high-risk work","1. Extract the maintenance plan and quantify overdue safety-critical tasks by asset class and region.
2. Trace a sample of high-priority defects to closure and verify the remediation physically occurred.
3. Test whether deferrals were formally risk-assessed and approved at the required level.
4. Review contractor competency and authorisation records for high-voltage or high-pressure work.","1. Deferrals approved in blocks at year end
2. Defects downgraded in priority without justification
3. Inspections recorded as complete with no field evidence
4. Contractors working outside their authorisation","1. Asset management system maintenance records
2. Defect registers
3. Deferral approvals
4. Contractor authorisation records","1. Overdue safety-critical tasks
2. Defect close-out days
3. Unplanned outage frequency"
IA-UTL-02,"Utilities, power and water",Customer Operations,Vulnerable Customers and Disconnection,Customers in financial hardship or on medical support are disconnected or pursued in breach of regulatory customer protection obligations.,Cutting off a customer who is ill or in hardship is a regulatory breach and a front-page story.,High,Compliance,Confirm that customer protection obligations are applied before any restriction or disconnection.,"1. Identification and flagging of vulnerable and life-support customers
2. Hardship programme access and affordability assessment
3. Pre-disconnection notification and cooling-off requirements
4. Debt collection agency conduct
5. Complaint and ombudsman case outcomes","1. Reconcile disconnections executed against the vulnerable and life-support customer registers; investigate any overlap.
2. Test that each disconnection followed every required notification step within the prescribed timeframes.
3. Sample hardship applications and test the timeliness and consistency of assessment.
4. Review ombudsman and regulator determinations and trace systemic causes to remediation.","1. Life-support flags removed shortly before disconnection
2. Notification letters generated but not despatched
3. Hardship applications rejected at high rates by one team
4. Repeat ombudsman findings on the same issue","1. Disconnection records
2. Vulnerable customer registers
3. Hardship application files
4. Ombudsman and regulator correspondence","1. Disconnections in breach
2. Hardship assessment turnaround
3. Ombudsman cases upheld"
IA-TEL-01,Telecommunications,Service Revenue,Revenue Leakage Across the Order to Cash Chain,"Services are provisioned on the network but never reach billing, so the customer uses the service without ever being charged.",Every call or data session that never reaches billing is a service given away free.,High,Operational,Quantify revenue leakage between provisioning and billing and assess whether revenue assurance detects it.,"1. Reconciliation of network provisioning records to billing subscriptions
2. Free-of-charge and test accounts left active
3. Product catalogue consistency between systems
4. Discount and credit application
5. Revenue assurance coverage and independence","1. Reconcile active services on the network to active billing subscriptions; quantify the value of unbilled active services.
2. Extract free-of-charge, employee and test accounts and test whether each remains justified.
3. Compare product and tariff definitions across provisioning, rating and billing for inconsistencies.
4. Analyse credits and manual adjustments by user and reason code.","1. Test accounts with genuine consumption
2. Long-lived free-of-charge accounts
3. Catalogue changes made in one system only
4. Credits concentrated with a small number of users","1. Network provisioning extracts
2. Billing subscription data
3. Product catalogue configurations
4. Credit and adjustment logs","1. Unbilled active services
2. Leakage as % of revenue
3. Credits per 1,000 subscribers"
IA-TEL-02,Telecommunications,Network & Infrastructure,Network Resilience and Change Management,"A poorly controlled network change causes a major service outage, with regulatory reporting obligations and customer compensation following.","A badly controlled network change can take service down for millions of customers, and that has to be reported to the regulator.",High,IT,Assess whether network changes are controlled and whether resilience and recovery capability is proven rather than assumed.,"1. Change approval, testing and back-out planning
2. Emergency change usage and retrospective approval
3. Single points of failure in core network
4. Disaster recovery and failover testing
5. Major incident reporting to the regulator","1. Sample network changes and test for approval, testing evidence and a documented back-out plan.
2. Quantify emergency changes as a proportion of all changes and test whether retrospective approval occurred.
3. Review the most recent failover or disaster recovery test and confirm it exercised a genuine failover, not a tabletop walkthrough.
4. Trace major incidents to root-cause analysis, regulatory notification within the required window, and corrective action closure.","1. Emergency changes used routinely to bypass approval
2. Back-out plans stated as ""restore from backup"" with no detail
3. DR tests deferred or scoped to non-critical systems
4. Repeat incidents with the same root cause","1. Change management records
2. Emergency change log
3. DR test reports
4. Major incident and regulatory notification records","1. Emergency changes as % of total
2. Change failure rate
3. Time to regulatory notification"
IA-X-06,All industries,Inventory & Costing,Stock Accuracy and Valuation,"Recorded inventory does not reflect what is physically held or what it is genuinely worth, misstating both the balance sheet and margin.","Stock is often the largest number on the balance sheet, and it is only worth what it can actually be sold for.",High,Financial,"Verify that inventory exists, is owned, is counted accurately, and is valued at the lower of cost and net realisable value.","1. Count programme coverage, independence and adjustment approval
2. Goods in transit and consignment stock ownership
3. Cost build-up and overhead absorption
4. Net realisable value testing on slow-moving and damaged stock
5. Third-party locations and stock held by others","1. Attend counts at a sample of locations; re-perform test counts in both directions, floor to sheet and sheet to floor.
2. Test cut-off around the period end for goods received and despatched.
3. Obtain confirmations for stock held at third parties and reconcile to the ledger.
4. Recompute the cost build-up for a sample of items including overhead absorption, and compare cost to recent selling prices net of costs to sell.
5. Analyse adjustment postings for entries made outside the count process.","1. Adjustments posted just after a count to restore the book figure
2. Consignment stock recorded as owned
3. Overhead absorption rates unchanged despite volume shifts
4. Locations never selected for count","1. Inventory listings by location
2. Count sheets and adjustment postings
3. Third-party stock confirmations
4. Cost build-up files
5. Recent sales price data","1. Count accuracy %
2. Adjustment value as % of inventory
3. Inventory turns"
IA-X-07,All industries,Fixed Assets,Capital Projects and Asset Existence,"Capital spend is approved on optimistic business cases, overruns without escalation, and assets on the register can no longer be located.","Big capital projects get approved on promises, and almost nobody goes back to check whether the promises came true.",Medium,Operational,"Assess whether capital investment is authorised, controlled against budget, and whether recorded assets physically exist.","1. Business case quality and post-implementation review
2. Approval authority and project change control
3. Capitalisation timing and classification
4. Physical verification programme
5. Disposals, transfers and idle assets","1. Select major projects and compare approved business case benefits to post-implementation actuals; test whether reviews are performed at all.
2. Test overruns against the re-approval threshold and inspect evidence of escalation.
3. Physically verify a sample of recorded assets and, in reverse, trace observed assets back to the register.
4. Test the capitalisation date against evidence the asset was available for use.
5. Review idle and fully depreciated assets still in service for impairment or life reassessment.","1. Post-implementation reviews never performed
2. Projects split to stay under an approval threshold
3. Assets on the register nobody can locate
4. Capitalisation dated before commissioning","1. Capital approval papers and business cases
2. Project cost reports
3. Fixed asset register
4. Disposal records","1. Capital spend vs. budget
2. % projects with post-implementation review
3. Assets verified / not located"
IA-X-08,All industries,Treasury,"Cash, Banking and Financial Risk","Bank mandates, payment authority and hedging activity are not controlled, exposing the organisation to fraud and to unmanaged market risk.",Bank accounts and payment authority are the front door to the company's cash.,High,Fraud,"Confirm that banking arrangements, payment authority and treasury activity operate within board-approved mandates.","1. Bank account inventory and signatory mandates
2. Payment release authority and dual authorisation
3. Treasury policy limits on counterparty, currency and interest exposure
4. Hedging authorisation and effectiveness
5. Cash forecasting accuracy and idle balances","1. Obtain a complete list of bank accounts from the banks themselves, not from the ledger, and reconcile to the recorded accounts.
2. Test current signatory mandates against the approved authority list and identify leavers still holding authority.
3. Test that payment release genuinely requires two independent approvers, including for urgent and manual payments.
4. Compare open treasury positions to policy limits at several dates and test breach escalation.
5. Compare cash forecasts to actuals and assess forecasting discipline.","1. Bank accounts not in the ledger
2. Leavers still on mandates
3. Urgent payments routinely bypassing dual authorisation
4. Positions repeatedly at or just inside limits","1. Bank confirmations and mandate letters
2. Payment system authority configuration
3. Treasury policy and position reports
4. Cash forecasts","1. Accounts reconciled to bank confirmations
2. Payments released single-handed
3. Limit breaches per quarter"
IA-X-09,All industries,Tax,Tax Compliance and Transfer Pricing,"Returns are filed late or on incorrect positions, and intercompany pricing is not supported by documentation, leading to assessments, interest and penalties.","Filing tax late or on the wrong basis costs interest and penalties, and repeats every year until it is fixed.",Medium,Compliance,Assess whether tax obligations are identified and met on time and whether positions taken are documented and defensible.,"1. Tax obligation calendar completeness across all jurisdictions
2. Filing and payment timeliness
3. Uncertain tax positions and provisioning
4. Transfer pricing policy, documentation and actual pricing applied
5. Indirect tax coding accuracy on transactions","1. Build the obligation calendar independently from entity and jurisdiction data and compare to the one in use.
2. Test filing and payment dates against statutory deadlines and quantify interest and penalties incurred.
3. Review uncertain tax positions and test whether the provision reflects current authority correspondence.
4. Test whether intercompany transactions were actually priced per the transfer pricing policy and whether local file documentation exists.
5. Sample transactions and re-perform indirect tax coding.","1. Obligations discovered only when the authority writes
2. Penalties recurring in the same jurisdiction
3. Transfer pricing documentation prepared long after year end
4. Manual overrides of tax codes at invoice entry","1. Tax obligation calendar
2. Filed returns and payment records
3. Authority correspondence and assessments
4. Transfer pricing documentation","1. Filings on time %
2. Penalties and interest incurred
3. Jurisdictions with current TP documentation"
IA-X-10,All industries,Financial Close & Reporting,Close Quality and Manual Journals,"Manual journal entries are used to force results to expectation, and the close is completed too quickly for controls to operate meaningfully.","Manual journals are how results get adjusted at the last minute, which makes them the first place to look.",High,Fraud,"Evaluate the integrity of the financial close, focusing on manual adjustments and account reconciliation quality.","1. Manual journal authorisation, support and posting rights
2. Top-side and consolidation adjustments
3. Balance sheet reconciliation completion and review quality
4. Close timetable versus control operation
5. Estimates and accruals with judgement","1. Extract all manual journals and analyse by preparer, value, account, and posting date and time; test round-sum entries, entries posted at unusual hours, and entries to income statement accounts near period end.
2. Test that each sampled journal has support and an approver independent of the preparer.
3. Sample balance sheet reconciliations and reassess whether reconciling items are genuinely explained or simply labelled.
4. Compare journal patterns across periods to identify entries appearing only when results are close to target.","1. Journals posted after the close was reported as complete
2. Recurring entries with the description ""reclass"" and no support
3. Reconciliations signed the same day they were prepared
4. Late adjustments always moving in the favourable direction","1. Full journal entry extract with user and timestamp
2. Reconciliation files and sign-offs
3. Close timetable
4. Consolidation adjustment schedules","1. Manual journals per period
2. % journals with support
3. Reconciliations overdue"
IA-X-11,All industries,Third Party Management,Outsourcing and Vendor Oversight,"Critical activities are outsourced without contractual protection, assurance over the provider, or a viable exit, so failures land back on the organisation.","Outsourcing the work never outsources the responsibility. When the supplier fails, it is still your problem.",High,Strategic,"Assess whether third parties performing critical activities are selected, contracted and monitored proportionately to the risk they carry.","1. Inventory of third parties and criticality assessment
2. Due diligence performed before contracting
3. Contract terms — service levels, audit rights, data protection, exit
4. Ongoing assurance such as service auditor reports and site visits
5. Concentration risk and exit planning","1. Build an independent inventory of third parties from accounts payable and compare it to the register maintained by the business.
2. For critical providers, test that pre-contract due diligence was performed and documented.
3. Review contracts for audit rights, service levels, data protection and termination assistance.
4. Obtain service auditor reports for critical providers and test that complementary user controls were actually implemented.
5. Test whether exit plans exist and are credible for the most concentrated dependencies.","1. Critical providers absent from the register
2. Contracts auto-renewing without review
3. Service auditor reports received but never read
4. Exceptions in those reports with no follow-up
5. No alternative provider identified for a single point of dependency","1. Accounts payable vendor spend
2. Third-party register and criticality ratings
3. Contracts
4. Service auditor reports
5. Exit plans","1. % critical providers with current due diligence
2. Contracts with audit rights
3. Assurance reports reviewed"
IA-X-12,All industries,Human Resources,"Recruitment, Onboarding and Exit","People are hired without verification of their credentials, retain access and entitlements after leaving, and exit obligations are not enforced.","Hiring someone without checking who they are, and letting leavers keep access, are both simple failures with expensive consequences.",High,Operational,Assess whether the employee lifecycle is controlled from pre-hire screening through to exit.,"1. Pre-employment screening — identity, right to work, qualifications, references, criminal record where permitted
2. Approval of new positions against approved headcount
3. Onboarding: contract, code of conduct, mandatory training
4. Exit: access removal, asset return, final pay, restrictive covenants
5. Contractor and contingent worker treatment","1. Sample new hires and test that every required screening step was completed before the start date, not after.
2. Verify professional qualifications directly with the issuing body for roles where they are a condition of employment.
3. Reconcile headcount to approved positions and investigate roles filled without approval.
4. Sample leavers and test the elapsed time to access removal, asset return and final settlement.
5. Test whether contractors are subject to equivalent screening for equivalent access.","1. Screening completed weeks after the start date
2. Qualifications accepted on a photocopy
3. Leavers retaining building or system access
4. Contractors engaged for years through rolling short contracts
5. Exit interviews not conducted for regretted leavers","1. Employee files and screening records
2. Headcount approvals
3. Joiner and leaver reports
4. Asset registers
5. Contractor engagement records","1. % hires fully screened before start
2. Days to remove leaver access
3. Contractor tenure distribution"
IA-X-13,All industries,Human Resources,"Compensation, Performance and Culture","Pay decisions, incentives and promotions are made inconsistently, and behavioural issues are not addressed, driving turnover, grievance and conduct risk.","How people are paid and promoted drives how they behave, which shapes every other control in the business.",Medium,Strategic,Evaluate whether reward and performance processes are applied consistently and whether conduct concerns are dealt with.,"1. Salary review and promotion decision governance
2. Incentive plan design and payout calculation
3. Pay equity across comparable roles
4. Performance management completion and quality
5. Grievance, disciplinary and harassment case handling","1. Recompute a sample of incentive payouts against plan rules and approved performance outcomes.
2. Analyse pay across comparable roles for unexplained dispersion, and test the explanations offered.
3. Test performance review completion rates and read a sample for substance rather than box-ticking.
4. Review grievance and disciplinary cases for investigation independence, timeliness and consistency of outcome.
5. Compare voluntary turnover by manager and function against the organisational average.","1. Incentives paid despite unmet performance conditions
2. Turnover concentrated under specific managers
3. Grievances against senior staff investigated by their own reports
4. Performance ratings clustered with no differentiation","1. Payroll and incentive calculation files
2. Performance review records
3. Grievance and disciplinary case files
4. Turnover and exit interview data","1. Voluntary turnover by manager
2. % reviews completed
3. Grievance cases and outcomes"
IA-TL-11,Transportation and logistics,Cargo Claims,Claims Handling,"Cargo loss and damage claims are settled without investigating root cause or pursuing recovery from the carrier at fault, so the same losses recur.",Cargo claims get paid without checking whether another party was actually at fault and should be paying instead.,Medium,Operational,"Assess whether claims are validated, recovered where a third party is liable, and used to drive corrective action.","1. Claim intake, validation and settlement authority
2. Evidence required before settlement — proof of delivery, condition reports, photographs
3. Recovery from subcontracted carriers and insurers
4. Root-cause analysis and corrective action on repeat loss points
5. Claims reserve adequacy and ageing","1. Sample settled claims and test that liability was established before payment, not assumed.
2. Identify claims where a subcontracted carrier held the freight at the time of loss and test whether recovery was pursued within the contractual notice period.
3. Analyse claims by terminal, lane and commodity to locate concentrations, then test whether any corrective action followed.
4. Test the ageing of open claims and the basis for the reserve held against them.
5. Reconcile the claims register to the general ledger loss account and to insurer recoveries.","1. Claims settled below an investigation threshold that is never reviewed in aggregate
2. Recovery notice periods missed repeatedly
3. The same terminal appearing in loss concentrations quarter after quarter
4. Claims paid without proof of delivery on file","1. Claims register with reserve history
2. OS&D incident logs
3. Subcontract carrier agreements and notice terms
4. Insurer correspondence and recovery records","1. Claims paid vs. recovered
2. Loss per million shipments
3. Repeat loss locations"
IA-RTL-03,Retail chains,Customer Revenue & Loyalty,Gift Cards and Loyalty,"Gift card and loyalty balances are manipulated by staff, or breakage is recognised on an assumption that overstates income.",Gift cards and loyalty points are money the business owes customers. Assuming too much of it will never be claimed flatters profit.,High,Fraud,Assess the integrity of stored-value and loyalty balances and the support for breakage recognition.,"1. Gift card activation, reload and void controls at the till
2. Loyalty point issuance, adjustment and manual accrual rights
3. Breakage assumption and redemption history supporting it
4. Reconciliation of the liability to the issuing platform
5. Employee accounts and their transaction patterns","1. Analyse gift card activations reversed or voided shortly after issue, by operator.
2. Test manual loyalty point adjustments by user and value; sample the largest for approval and business reason.
3. Match loyalty and gift card accounts to employee records and analyse redemption behaviour on those accounts.
4. Recompute breakage using the actual redemption curve and compare to the rate recognised.
5. Reconcile the platform balance to the ledger liability at several dates.","1. Cards activated and voided in the same shift
2. Points adjusted upward immediately before redemption
3. Employee-linked accounts with outsized balances
4. Breakage rate unchanged for years despite behaviour shifts","1. Gift card and loyalty platform transaction data
2. Point adjustment logs
3. Employee master data
4. Liability reconciliations","1. Void rate by operator
2. Manual point adjustments
3. Breakage as % of issuance"
IA-BNK-03,Banking and financial institutions,Deposits & Payments,Payment Processing and Account Integrity,"Payments are processed to incorrect or fraudulent beneficiaries, and internal or dormant accounts are used to warehouse the proceeds.","Payments are where money physically leaves the bank, so this is the step a fraudster most wants to control.",High,Fraud,"Assess controls over payment execution, beneficiary integrity and the use of internal and dormant accounts.","1. Payment authorisation limits and dual control by channel
2. Beneficiary verification and confirmation-of-payee checks
3. Dormant account reactivation and monitoring
4. Internal, suspense and staff account usage
5. Payment recall and error correction process","1. Test that every payment channel enforces dual authorisation at the stated thresholds, including manual and urgent routes.
2. Analyse dormant accounts that reactivated in the period and test the first transaction on each.
3. Extract transactions on internal and staff accounts and test the business justification for the largest and most frequent.
4. Sample high-value payments and test beneficiary verification evidence.
5. Review payment errors and recalls for pattern and for whether root causes were fixed.","1. Urgent payments bypassing dual control
2. Dormant accounts reactivating just before a large credit
3. Staff accounts transacting with customer accounts
4. Beneficiary details changed shortly before payment release","1. Payment system transaction logs and authorisation configuration
2. Dormant account reports
3. Internal and staff account statements
4. Payment error and recall register","1. Payments released single-handed
2. Dormant reactivations investigated
3. Error and recall rate"
IA-AVN-03,Aviation and airlines,Fleet & Engineering,Aircraft Leasing and Return Conditions,"Aircraft are returned to lessors without meeting contractual return conditions, triggering large end-of-lease compensation claims that were never provided for.",Leased aircraft must be given back in a specified condition. That bill arrives years after the decisions that caused it.,High,Financial,Assess whether lease return obligations are tracked through the lease term and provided for on a supportable basis.,"1. Inventory of lease return conditions per aircraft
2. Tracking of maintenance status against those conditions
3. Provisioning for expected return costs
4. Records and back-to-birth traceability required at return
5. Negotiation and settlement of end-of-lease claims","1. Build a register of return conditions from the lease agreements themselves and compare it to what the business is tracking.
2. For aircraft returning within two years, compare current maintenance status to the required return condition and quantify the gap.
3. Test whether the provision reflects that gap or only scheduled maintenance.
4. Review recent lease returns and compare final settlement to the amount provided.
5. Test the completeness of component records required at return.","1. Return conditions summarised by the operator rather than read from the lease
2. Provisions based on maintenance plans, not lease terms
3. Settlements consistently exceeding provisions
4. Component records reconstructed close to the return date","1. Lease agreements and return condition schedules
2. Maintenance status reports by aircraft
3. Provision calculations
4. Prior lease return settlements","1. Aircraft with quantified return gaps
2. Settlement vs. provision variance
3. Records completeness at return"
IA-AVN-04,Aviation and airlines,Flight Revenue,Passenger Revenue Integrity,"Fare rules, refunds and interline settlements are applied incorrectly, so revenue is lost between the booking and the general ledger.",A ticket sold is not money earned until the passenger flies. Mixing those two up overstates revenue.,High,Financial,"Assess whether flown revenue is complete and correctly valued, and whether refunds and interline balances are controlled.","1. Fare rule configuration and manual fare overrides
2. Refund and reissue authority and reason codes
3. Interline and code-share settlement reconciliation
4. Agency and distribution channel commission accuracy
5. Unflown ticket expiry and residual value treatment","1. Re-price a sample of tickets from the fare rules and quantify variance to the fare actually charged.
2. Analyse refunds and reissues by agent and reason code; sample the outliers for authorisation.
3. Reconcile interline billings to the settlement clearing house statements and test disputes raised within the deadline.
4. Recompute agency commission for a sample against the distribution agreement.
5. Test the expiry and recognition of unflown tickets against the stated policy.","1. Manual fare overrides concentrated with a few agents
2. Refunds issued to a payment method other than the original
3. Interline disputes filed after the deadline
4. Expiry recognition accelerated near period end","1. Revenue accounting system extracts
2. Fare rule configuration
3. Refund and reissue logs
4. Clearing house settlement statements","1. Fare variance on re-pricing
2. Refunds by agent
3. Interline disputes recovered"
IA-HSP-03,Hospitality and hotels,Food & Beverage,Outlet Operations and Wastage,"Food and beverage margin is lost through unrecorded wastage, over-portioning, unauthorised staff meals and supplier short-delivery.","More drink leaves the bottle than the till records, and the gap is usually explained away as waste.",Medium,Operational,Identify where margin is lost between purchase and sale in food and beverage outlets.,"1. Recipe costing and portion control
2. Wastage recording and its plausibility
3. Staff meal and entertainment policy and recording
4. Goods receipt verification against delivery notes and weights
5. Void and discount patterns in the outlet point of sale","1. Observe service and compare actual portions to the costed recipe for high-volume items.
2. Compare recorded wastage across outlets and shifts; implausibly low or perfectly consistent wastage warrants challenge.
3. Test goods receipt for weight and count verification rather than signature only, for a sample of deliveries.
4. Analyse voids, discounts and staff meals by server and shift against outlet averages.
5. Reconcile theoretical to actual consumption for a sample of high-value beverage lines.","1. Wastage recorded as the same figure every week
2. Deliveries signed without verification
3. Discounts concentrated on particular shifts
4. Stock counts performed by the outlet manager alone","1. Recipe and costing files
2. Wastage logs
3. Goods receipt records and delivery notes
4. Point of sale transaction data","1. Pour cost variance
2. Wastage as % of purchases
3. Discounts per server"
IA-AVN-05,Aviation and airlines,Fuel & Hedging,Fuel Uplift and Supplier Billing,"Fuel uplifted into aircraft is not reconciled to supplier invoices, so the airline pays for volumes it never received.","Fuel is one of the largest costs an airline has, and nobody stands at the wing checking the litres against the invoice unless someone makes them.",Medium,Financial,Confirm that fuel purchased reconciles to fuel uplifted and that pricing follows the supply contract.,"1. Uplift recording at the wing and its independence from the supplier
2. Reconciliation of uplift tickets to supplier invoices
3. Contract pricing, differentials and into-plane fees
4. Density and temperature correction on volumes
5. Dispute handling with fuel suppliers","1. Reconcile uplift volumes from flight records to supplier invoiced volumes by station and quantify the difference.
2. Re-price a sample of invoices against the contract, including index differentials and into-plane fees.
3. Test whether volume corrections for temperature and density were applied consistently.
4. Review the ageing and outcome of fuel supplier disputes.","1. Uplift recorded solely from the supplier ticket
2. Persistent one-directional variances at a station
3. Fees charged that are not in the contract
4. Disputes abandoned rather than resolved","1. Flight records and uplift tickets
2. Fuel supplier invoices
3. Fuel supply contracts
4. Dispute correspondence","1. Uplift-to-invoice variance
2. Price variance to contract
3. Disputes recovered"
IA-ECM-03,E-commerce,Fulfilment,Warehouse Accuracy and Delivery Performance,"Orders are picked, packed or shipped incorrectly, generating replacement cost, refunds and customer loss that is absorbed as a cost of doing business.","Every order picked wrong costs the replacement, the delivery and often the customer.",Medium,Operational,"Assess fulfilment accuracy, the cost of getting it wrong, and whether root causes are addressed.","1. Pick and pack accuracy and verification at despatch
2. Inventory accuracy between the warehouse and the storefront
3. Carrier performance and lost parcel handling
4. Replacement and refund cost attribution
5. Returns processing and restocking accuracy","1. Quantify order defects — wrong item, missing item, damaged — and the total cost of remediation over the period.
2. Test inventory accuracy by cycle count and compare to the availability shown on the storefront; oversell indicates a control gap.
3. Analyse lost and damaged parcels by carrier and test whether claims were filed within the carrier deadline.
4. Trace a sample of returns from receipt to restock or write-off and test the valuation applied.","1. Defect cost recorded in a general expense account with no attribution
2. Overselling followed by silent cancellation
3. Carrier claims not filed
4. Returned stock restocked without inspection","1. Order defect and remediation records
2. Cycle count results
3. Carrier performance and claims data
4. Returns processing records","1. Order defect rate
2. Remediation cost per order
3. Carrier claim recovery %"
IA-ECM-04,E-commerce,Marketplace & Content,Seller Onboarding and Product Compliance,"Third-party sellers list counterfeit, unsafe or prohibited products, exposing the platform to regulatory action and liability.","On a marketplace, the platform is judged by what its sellers list, including counterfeit or unsafe goods.",High,Compliance,Assess whether sellers and their listings are vetted and monitored proportionately to the risk they carry.,"1. Seller identity verification and business registration checks
2. Prohibited and restricted product controls at listing
3. Counterfeit and intellectual property complaint handling
4. Product safety recalls and takedown speed
5. Seller performance monitoring and suspension","1. Sample sellers and test that identity and business verification was completed before listing was enabled.
2. Test the listing filters by attempting to list restricted categories in a test environment.
3. Trace a sample of intellectual property and safety complaints through to takedown and measure elapsed time.
4. Test whether sellers suspended for cause reappear under new identities by matching bank details, addresses and devices.","1. Sellers onboarded with unverified documents
2. Restricted items reachable through alternate category paths
3. Takedowns taking weeks
4. Suspended sellers returning with the same bank account","1. Seller onboarding files
2. Listing filter configuration
3. Complaint and takedown logs
4. Suspension records","1. % sellers fully verified
2. Days to takedown
3. Repeat suspended sellers"
IA-UTL-03,"Utilities, power and water",Regulated Operations,Regulatory Compliance and Reporting,"Regulatory obligations under the licence or determination are not tracked to an owner, so breaches are discovered by the regulator rather than internally.","A utility operates under a licence. Breach its conditions and the regulator, not the market, decides what happens next.",High,Compliance,"Confirm that licence and determination obligations are identified, owned, monitored and evidenced.","1. Completeness of the regulatory obligation register against the licence
2. Ownership and monitoring of each obligation
3. Accuracy of performance data submitted to the regulator
4. Self-reporting of breaches and their timeliness
5. Regulatory penalties, undertakings and remediation","1. Read the licence and determination and build an obligation list independently; compare it to the register in use and quantify the gaps.
2. Sample obligations and test for evidence of compliance in the period, not merely an assertion of compliance.
3. Re-perform the calculation of key performance measures submitted to the regulator from source data.
4. Test breach self-reporting against the required timeframe and review whether remediation commitments were delivered.","1. Obligations without a named owner
2. Performance figures that cannot be reconstructed from source
3. Breaches identified by the regulator first
4. Remediation commitments closed without evidence","1. Licence and regulatory determination
2. Obligation register
3. Submitted regulatory returns and source data
4. Regulator correspondence and penalty notices","1. Obligations with current evidence
2. Breaches self-reported vs. found
3. Remediation actions overdue"
IA-INS-03,Insurance,Reinsurance,Reinsurance Programme Effectiveness,"The reinsurance programme does not respond as expected to a large loss because cover, exclusions or aggregate limits were not understood when the risk was written.","Reinsurance is the insurance company's own insurance. If it was set up badly, the company discovers that only when a very large loss arrives.",High,Strategic,Assess whether the reinsurance programme actually covers the exposures being underwritten.,"1. Alignment between underwriting appetite and reinsurance cover
2. Exclusions, aggregate limits and reinstatement provisions
3. Placement completeness and signed slips before inception
4. Reinsurer security and credit concentration
5. Recovery process after a large loss","1. Map material underwriting exposures against the reinsurance programme and identify uncovered aggregations.
2. Test that binding slips were signed and complete before cover incepted, not retrospectively.
3. Model a large-loss scenario and trace the expected recovery through the programme including reinstatements.
4. Assess reinsurer concentration and credit ratings against policy limits.
5. Review actual recoveries from recent large losses against what was expected.","1. Cover placed after inception
2. Aggregate limits exhausted without anyone noticing
3. Reliance on a small number of reinsurers
4. Recoveries materially below expectation after a loss","1. Reinsurance treaties and slips
2. Underwriting exposure data
3. Reinsurer security policy and ratings
4. Large loss recovery records","1. Uncovered aggregation exposure
2. Slips signed pre-inception
3. Recovery vs. expected"
IA-INS-04,Insurance,Reserving,Reserve Adequacy and Governance,"Reserves are influenced by earnings pressure rather than actuarial judgement, and adverse development is not surfaced to the board on a timely basis.","The money set aside for future claims is the single biggest number in an insurer's accounts, and it is an estimate that can be leaned on.",High,Financial,Assess the independence and rigour of the reserving process and the transparency of reserve movements.,"1. Independence of the actuarial function from underwriting and claims
2. Reserving methodology, assumption setting and change control
3. Management adjustments to the actuarial central estimate
4. Reserve development triangles and back-testing
5. Reporting of adverse development to the board","1. Analyse historical reserve development and quantify how often and in which direction estimates have proved wrong.
2. Test the size, direction and justification of management adjustments to the actuarial estimate across several periods.
3. Test whether assumption changes were documented and approved before results were known.
4. Review board and committee papers for whether adverse development was reported plainly or netted against other movements.","1. Management adjustments always favourable
2. Assumption changes made after preliminary results circulate
3. Consistent adverse development in the same class of business
4. Reserving committee minutes recording no challenge","1. Actuarial reserve reports and development triangles
2. Assumption change logs
3. Reserving committee minutes
4. Board reporting packs","1. Reserve development by year
2. Management adjustment as % of estimate
3. Classes with recurring deterioration"
IA-HSP-04,Hospitality and hotels,Rooms Revenue,Revenue Management and Distribution,"Rooms are sold through channels at rates and commissions that destroy margin, and rate parity or contractual terms with distributors are breached.",A room booked through a website can cost so much in commission that the hotel makes almost nothing on it.,Medium,Financial,"Assess whether distribution channel economics are understood, controlled and compliant with distributor agreements.","1. Channel mix and net rate after commission by channel
2. Rate parity obligations and breaches
3. Commission calculation accuracy and reconciliation
4. Overbooking, walk cost and compensation
5. Group and corporate contract rate adherence","1. Recompute net revenue per room night by channel after commission and compare to the direct channel.
2. Test rate parity by comparing published rates across channels on sample dates.
3. Reconcile commission invoiced by distributors to the bookings actually delivered and recompute against the agreement.
4. Quantify walk and compensation costs from overbooking and test the authorisation for compensation paid.","1. Channels with negative contribution still receiving allocation
2. Parity breaches unnoticed until a distributor claims
3. Commission paid on cancelled bookings
4. Compensation paid without approval","1. Property management and channel manager data
2. Distributor agreements
3. Commission invoices
4. Overbooking and walk records","1. Net rate by channel
2. Parity breach incidents
3. Commission variance"
IA-FMC-03,FMCG and consumer goods,Trade Spend,Trade Investment Effectiveness,"Trade investment is committed without evidence that it generates incremental volume, and accruals are settled against claims that were never validated.","Promotional spend is one of the biggest costs in consumer goods, and much of it is paid out against claims nobody checks.",High,Financial,"Assess whether trade spend is authorised, delivered, validated and generating a return.","1. Promotion approval, expected uplift and post-event evaluation
2. Deduction and claim validation before settlement
3. Accrual accuracy and the ageing of unsettled claims
4. Customer-level profitability including all trade investment
5. Authority limits on discretionary spend","1. Select major promotions and compare actual uplift to the volume assumed in the approval; test whether any post-event evaluation occurred.
2. Sample settled customer deductions and test for a matched, approved promotion and delivery evidence.
3. Analyse the ageing of open deductions and the rate at which disputes are simply written off.
4. Recompute customer profitability including all trade investment and identify customers who are loss-making after spend.","1. Post-event evaluation performed for none of the largest promotions
2. Deductions written off once they age past a threshold
3. Spend approved by the same person who negotiates the customer relationship
4. Promotions repeated annually with no measured return","1. Promotion approvals and plans
2. Deduction and claim files
3. Trade accrual schedules
4. Customer profitability reports","1. % promotions evaluated
2. Deductions written off
3. Customers loss-making after trade spend"
IA-UTL-04,"Utilities, power and water",Trading & Commodity,Trading Conduct and Controls,"Traders conceal losses or breach limits through mispriced trades, off-market transactions or unauthorised products.","Traders can hide losses by mispricing their own positions, which is why someone independent must value them.",High,Fraud,Assess the independence and effectiveness of controls over trading activity and valuation.,"1. Independence of risk control and back office from the trading desk
2. Limit framework, monitoring and breach escalation
3. Independent price verification and off-market trade detection
4. Trader mandates, approved products and counterparties
5. Mandatory leave and trade cancellation or amendment patterns","1. Test independent price verification by re-valuing a sample of positions from an external curve.
2. Analyse trade amendments and cancellations by trader, and trades executed at prices away from the market at execution time.
3. Test limit breaches for timely escalation and for whether limits were subsequently raised rather than positions reduced.
4. Confirm mandatory leave was actually taken by all trading staff and that their books were managed by others during it.
5. Test that all traded products and counterparties are on the approved list.","1. Amendments concentrated with one trader
2. Limits raised shortly after a breach
3. Positions valued using trader-supplied marks
4. Mandatory leave waived for key staff","1. Trade capture system extracts with amendment history
2. Limit and breach reports
3. Independent price verification files
4. Leave records
5. Approved product and counterparty lists","1. Trade amendments per trader
2. Limit breaches and escalation time
3. Positions independently verified"
IA-BNK-04,Banking and financial institutions,Treasury,Liquidity and Capital Management,"Liquidity and capital positions are managed on assumptions that do not hold under stress, leaving the bank exposed to a funding shock or a regulatory shortfall.","If the bank runs out of cash or capital, it stops being a bank. These are the numbers that keep it alive in a bad year.",High,Strategic,"Assess whether liquidity and capital are measured, stressed and governed on a defensible basis.","1. Liquidity risk appetite, limits and early warning indicators
2. Stress testing scenarios, severity and governance
3. Funding concentration and deposit stickiness assumptions
4. Capital planning and buffer management
5. Contingency funding plan credibility and testing","1. Test the data feeding liquidity metrics back to source systems for completeness and accuracy.
2. Challenge stress scenario severity against historical and regulatory benchmarks, and test whether results drive any action.
3. Analyse deposit behaviour against the stickiness assumptions used in the liquidity model.
4. Review the contingency funding plan and test whether it has ever been exercised.
5. Test capital projections against the plan and the sensitivity of the buffer to the stress scenarios.","1. Stress scenarios milder than events already experienced
2. Early warning indicators breached without action
3. Model assumptions unchanged through a rate cycle
4. Contingency funding plan never tested","1. Liquidity and capital reporting and source data
2. Stress testing methodology and results
3. ALCO minutes
4. Contingency funding plan","1. Liquidity coverage vs. limit
2. Early warning breaches actioned
3. Date of last funding plan test"
IA-INS-05,Insurance,Underwriting,Underwriting Discipline and Pricing,"Risks are written outside appetite or priced below technical rates to hold volume, so the portfolio deteriorates before the loss ratio reveals it.",Pricing below what the risk deserves wins business today and loses money for years afterwards.,High,Strategic,"Assess whether underwriting stays within appetite and authority, and whether pricing is technically supported.","1. Underwriting authority by class, limit and referral triggers
2. Adherence to the technical rate and the level of discounting
3. Risk selection against stated appetite and exclusions
4. Peer review of large or unusual risks
5. Delegated underwriting authority given to third parties","1. Sample bound risks and test each against the underwriter's authority and the referral criteria.
2. Quantify the discount to technical rate by underwriter, class and broker, and test the justification for the deepest discounts.
3. Test that risks outside appetite were declined or properly referred and approved.
4. Review peer review coverage and whether reviewers ever changed an outcome.
5. For delegated authorities, test the binder terms, reporting received and any audits performed on the coverholder.","1. Discounting deepest at period end
2. Referral triggers narrowly avoided through structuring
3. Peer review recorded but never dissenting
4. Coverholders writing outside the binder with no audit","1. Policy bordereaux and bound risk data
2. Underwriting authority matrix
3. Technical rating models
4. Peer review records
5. Binder agreements and coverholder audits","1. Average discount to technical rate
2. Risks bound outside authority
3. Coverholders audited in the period"
IA-FC-01,All industries,Financial Close & Reporting,Balance Sheet Reconciliations,"Reconciliations are prepared as a formality, so differences accumulate in accounts nobody scrutinises and errors or misappropriation persist for years.","A reconciliation is how you prove a balance is real. Done badly, errors and theft sit undisturbed for years.",High,Financial,"Assess whether reconciliations are complete, timely and of a quality that would actually detect an error.","1. Completeness of the reconciliation inventory against the trial balance
2. Preparer and reviewer independence and sign-off timing
3. Ageing and nature of reconciling items
4. Treatment of unexplained differences and plug entries
5. High-risk accounts — suspense, clearing, intercompany, cash","1. Reconcile the list of accounts reconciled to the full trial balance and identify accounts never reconciled.
2. Sample reconciliations and reassess whether reconciling items are genuinely explained or merely labelled.
3. Age reconciling items and test the oldest; items older than a quarter usually indicate an unresolved error.
4. Test sign-off timing — reviews dated the same minute as preparation are not reviews.
5. Test suspense and clearing accounts for balances that should have cleared.","1. Reconciling items described as ""timing"" for months
2. Reviewer and preparer the same person
3. Accounts with a balance but no owner
4. Plug entries used to force agreement","1. Trial balance and reconciliation inventory
2. Completed reconciliations with sign-offs
3. Ageing of reconciling items
4. Suspense account activity","1. Accounts reconciled on time
2. Reconciling items over 90 days
3. Unexplained differences value"
IA-FC-02,All industries,Financial Close & Reporting,Close Timetable and Governance,"The close is compressed to hit a reporting deadline, so controls are skipped and errors are found after the numbers are published.","When the close is rushed to hit a deadline, the checks are the first thing dropped.",Medium,Operational,Assess whether the close timetable allows controls to operate and whether it is actually followed.,"1. Close calendar, task ownership and dependencies
2. Whether control activities have time allocated or are assumed
3. Late adjustments after the reported close
4. Sub-ledger cut-off and closing sequence
5. Post-close error identification and restatement history","1. Compare the close calendar to actual completion timestamps and identify tasks completed after the close was declared.
2. Extract entries posted after the reported close date and test their nature and approval.
3. Review the history of post-close adjustments and any restatements for a pattern.
4. Test whether sub-ledgers were closed before the general ledger in each period.","1. Journals posted days after results were reported
2. Controls scheduled to run after the numbers are released
3. Recurring late adjustments from the same location
4. Deadline met by deferring reconciliations","1. Close calendar and task completion data
2. Journal posting timestamps
3. Post-close adjustment records
4. Restatement history","1. Tasks completed on time
2. Post-close entries
3. Days to close"
IA-FC-03,All industries,Financial Close & Reporting,Accounting Estimates and Judgements,"Estimates are set to deliver a desired result rather than a faithful one, and the assumptions behind them are never challenged.",Estimates are the numbers management gets to choose. That is exactly why they need challenging.,High,Financial,"Assess whether significant estimates are supportable, consistently applied and independently challenged.","1. Inventory of significant estimates and who owns each
2. Assumption setting, documentation and approval
3. Consistency of methodology between periods
4. Back-testing of prior estimates against outcomes
5. Governance — who challenges the estimate before it is booked","1. Back-test material estimates against subsequent actual outcomes and quantify the directional bias.
2. Test whether methodology or assumption changes coincided with pressure on results.
3. Trace significant estimates to documented approval by someone other than the preparer.
4. Compare the range of reasonable outcomes to the point estimate booked and assess where in the range management sits.","1. Estimates consistently proving favourable on back-testing
2. Assumptions changed in the period they most helped
3. Point estimates always at the favourable end of the range
4. No documented challenge in committee minutes","1. Estimate schedules and supporting models
2. Assumption documentation and approvals
3. Prior period estimates and actual outcomes
4. Audit committee papers","1. Estimate accuracy on back-test
2. Assumption changes per year
3. Estimates with documented challenge"
IA-FC-04,All industries,Financial Close & Reporting,Consolidation and Intercompany,"Intercompany balances do not eliminate and consolidation adjustments are made outside the system, so group results contain errors nobody can trace.","Group accounts are built by combining many companies. If balances between them do not cancel out, the group figures are wrong.",High,Financial,"Confirm that consolidation is complete, accurate and traceable from subsidiary ledgers to group accounts.","1. Completeness of entities consolidated and the group structure used
2. Intercompany matching, disputes and elimination differences
3. Top-side and consolidation journals outside the subsidiary ledgers
4. Minority interests, equity accounting and group structure changes
5. Audit trail from group numbers back to source ledgers","1. Reconcile the entities consolidated to the legal entity register and identify omissions or dormant inclusions.
2. Age unmatched intercompany balances and test how differences were resolved — write-off to income is a red flag.
3. Extract consolidation-level journals and test support and approval for each material entry.
4. Trace a sample of group balances back through consolidation to subsidiary ledgers.","1. Intercompany differences written off to income
2. Top-side entries posted only at group with no subsidiary record
3. Entities appearing or disappearing without documented rationale
4. Consolidation performed in a spreadsheet outside the system","1. Group structure and legal entity register
2. Intercompany matching reports
3. Consolidation journal listing
4. Subsidiary trial balances","1. Unmatched intercompany value
2. Consolidation journals
3. Entities reconciled to register"
IA-FC-05,All industries,Financial Close & Reporting,Foreign Currency Translation,"Exchange rates are applied inconsistently or manually overridden, misstating results and equity in ways that are hard to detect.","Using the wrong exchange rate quietly changes profit, and it is very hard to spot from the outside.",Medium,Financial,"Confirm exchange rates used are authorised, correctly sourced and consistently applied.","1. Rate source, upload process and authorisation
2. Application of spot, average and closing rates by balance type
3. Manual rate overrides at transaction level
4. Translation of net investments and the currency translation reserve
5. Hedge accounting interaction where applicable","1. Agree rates loaded into the system to the independent source for a sample of periods.
2. Test manual rate overrides by user and value.
3. Recompute translation for a sample of foreign subsidiaries including the movement in the translation reserve.
4. Test that the correct rate type is applied to each balance category.","1. Rates uploaded by the person who benefits from the result
2. Overrides applied to individual large transactions
3. Translation reserve movements not explained
4. Average rates used where closing rates are required","1. Rate tables and upload logs
2. Independent rate source data
3. Translation calculations
4. Currency translation reserve movement","1. Rate override count
2. Translation recomputation variance
3. Rates agreed to source"
IA-FC-06,All industries,Financial Close & Reporting,Financial Reporting and Disclosure,"The financial statements omit or misstate disclosures, or the narrative reporting is inconsistent with the numbers behind it.","The notes in the accounts are part of the accounts. Getting them wrong is a reporting failure, not a formatting one.",High,Compliance,"Confirm the financial statements are complete, internally consistent and supported.","1. Disclosure checklist completion and who reviews it
2. Support for each disclosure traced to underlying records
3. Consistency between narrative reporting and the financial statements
4. Going concern assessment and its support
5. Review and approval by audit committee and board","1. Test a sample of disclosures back to underlying support rather than to the prior year statements.
2. Test the consistency of figures quoted in the narrative report against the financial statements.
3. Review the going concern assessment, including the forecast and sensitivities used.
4. Test that the disclosure checklist was completed for the current framework, not a superseded one.","1. Disclosures rolled forward from last year with figures updated only
2. Narrative metrics that cannot be reconciled to the accounts
3. Going concern paper prepared after the accounts were drafted
4. Checklist signed but sections left blank","1. Draft and final financial statements
2. Disclosure checklists
3. Supporting schedules
4. Going concern assessment
5. Audit committee minutes","1. Disclosures traced to support
2. Narrative inconsistencies found
3. Late disclosure changes"
IA-FC-07,All industries,Financial Close & Reporting,Chart of Accounts and Ledger Master Data,"The chart of accounts is amended without control, so transactions are misclassified and reporting hierarchies silently change.","If accounts in the ledger can be changed freely, the reports built on them stop meaning what people think.",Medium,Financial,Confirm ledger master data changes are authorised and do not distort reporting.,"1. Authorisation of account creation, blocking and hierarchy changes
2. Mapping of accounts to reporting lines and its integrity
3. Dormant and duplicate accounts
4. Posting restrictions on control and system accounts
5. Cost centre and profit centre master data","1. Extract chart of accounts changes for the period and test authorisation, particularly hierarchy remapping.
2. Test whether reporting hierarchy changes were reflected in comparatives and explained.
3. Identify accounts allowing direct posting that should be system-controlled, such as control accounts.
4. Review dormant accounts with sudden activity.","1. Hierarchy changes made mid-year without restating comparatives
2. Direct posting permitted to reconciliation control accounts
3. Duplicate accounts for the same purpose
4. Accounts created by the person who then posts to them","1. Chart of accounts change log
2. Reporting hierarchy definitions
3. Posting restriction configuration
4. Account activity reports","1. Unauthorised master changes
2. Accounts permitting direct posting
3. Dormant accounts reactivated"
IA-FC-08,All industries,Financial Close & Reporting,Related Party Transactions,"Transactions with related parties are not identified, so they escape disclosure and are conducted on terms that would not survive scrutiny.",Deals with people connected to the business must be disclosed. Hiding them is where governance scandals usually start.,High,Compliance,"Confirm related parties are identified completely and their transactions are approved, priced and disclosed.","1. Completeness of the related party register and how it is maintained
2. Declarations from directors and key management
3. Identification of transactions with related parties in the ledger
4. Approval and pricing of related party transactions
5. Disclosure in the financial statements","1. Build an independent list of related parties from directorships, shareholdings and declarations, and compare to the register.
2. Match the related party list against customer and vendor masters and extract transactions.
3. Test identified transactions for approval by those without an interest, and for arm's length pricing.
4. Reconcile disclosed related party transactions to the ledger extract.","1. Register maintained only from voluntary declarations
2. Related party found in the vendor master but not the register
3. Transactions approved by the interested party
4. Disclosure limited to remuneration","1. Related party register and declarations
2. Company registry and shareholding data
3. Customer and vendor masters
4. Financial statement disclosures","1. Related parties identified independently
2. Transactions with interested approval
3. Disclosure completeness"
IA-FC-09,All industries,Financial Close & Reporting,Management Reporting Integrity,The board and management make decisions on reports whose figures cannot be reconciled to the ledger or whose definitions shift over time.,"The board makes decisions from these reports. If the numbers cannot be traced back to the ledger, the decisions rest on nothing.",Medium,Strategic,"Confirm that management and board reporting is accurate, consistent and reconcilable.","1. Reconciliation of management reporting to statutory ledgers
2. Definition and stability of key performance measures
3. Non-financial and alternative performance measures and their basis
4. Manual manipulation of reports outside the system
5. Timeliness and completeness of reporting to the board","1. Reconcile key figures in the board pack to the general ledger and quantify differences.
2. Test whether definitions of key measures changed and whether comparatives were restated.
3. Trace alternative performance measures to their calculation and assess whether adjustments are consistently applied.
4. Identify where board reporting is assembled manually in spreadsheets and test controls over those models.","1. Board figures that cannot be reconciled to the ledger
2. Adjusted measures excluding costs that recur every year
3. Definitions changed without restating prior periods
4. Board pack built by one person with no review","1. Board and management reporting packs
2. General ledger data
3. Measure definitions and calculations
4. Reporting spreadsheets","1. Board figures reconciled
2. Definition changes
3. Manual reporting dependencies"
IA-FA-01,All industries,Fixed Assets,Capital Budgeting and Authorisation,"Capital expenditure is committed without approval, or approved on business cases that are never held to account.",Capital spending is committed years in advance and is very hard to reverse once started.,High,Financial,Confirm capital spend is authorised within delegated authority and evaluated against the case that justified it.,"1. Delegated authority for capital approval and its system enforcement
2. Business case quality — assumptions, options considered, benefits
3. Splitting of projects below approval thresholds
4. Re-approval when costs exceed the approved amount
5. Post-implementation review of benefits realised","1. Test a sample of additions to the approved capital request and the authority level applied.
2. Analyse spend clustering just below approval thresholds by requester and cost centre.
3. Compare final project cost to the approved amount and test escalation where overruns exceeded tolerance.
4. Select completed projects and compare realised benefits to the business case.","1. Overruns absorbed without re-approval
2. Business cases with benefits stated but never measured
3. Projects split into phases to stay under a threshold
4. Approvals obtained after commitment","1. Capital approval records
2. Project cost reports
3. Fixed asset additions
4. Post-implementation reviews","1. Spend within approved authority
2. Cost overrun %
3. Projects with benefit review"
IA-FA-02,All industries,Fixed Assets,Asset Existence and Verification,"Assets recorded on the register cannot be located, and assets in use are not on the register at all.","If an asset is on the register but nobody can find it, either it was stolen or the records are wrong. Both matter.",High,Operational,Confirm the fixed asset register reflects assets that physically exist and are in use.,"1. Physical verification programme, coverage and independence
2. Asset tagging and identification
3. Two-way testing — register to floor and floor to register
4. Treatment of assets not located
5. Custody and responsibility for mobile and remote assets","1. Select assets from the register and verify physical existence; then select assets observed and trace them back to the register.
2. Test coverage of the verification programme and identify asset classes never verified.
3. Test the disposition of assets recorded as not located in previous verifications.
4. For mobile assets — laptops, vehicles, tools — test custody records and return on exit.","1. Verification performed by the asset custodian
2. Assets not located simply rolled forward each year
3. Untagged assets in service
4. No verification of assets at remote or third-party sites","1. Fixed asset register
2. Verification programme and results
3. Asset tagging records
4. Custody assignments","1. Assets verified vs. population
2. Assets not located
3. Register accuracy %"
IA-FA-03,All industries,Fixed Assets,Capitalisation and Expense Classification,"Costs are capitalised that should be expensed, or vice versa, misstating profit and the asset base.",Calling a repair an asset spreads the cost over years and makes this year's profit look better than it is.,High,Financial,Confirm the capital versus revenue distinction is applied consistently and in line with policy.,"1. Capitalisation policy, thresholds and their consistent application
2. Treatment of repairs, refurbishment and major overhauls
3. Internal labour, overhead and borrowing cost capitalised
4. Software and development cost capitalisation criteria
5. Timing — capitalisation only when available for use","1. Sample capitalised additions and test each against the policy criteria, particularly repairs and maintenance capitalised.
2. Test internal labour and overhead capitalised for a supportable basis and time records.
3. Test software and development capitalisation against the recognition criteria, including feasibility evidence.
4. Test capitalisation dates against evidence the asset was ready for use.","1. Repairs capitalised near year end
2. Internal labour capitalised at a standard percentage with no time records
3. Development capitalised before technical feasibility
4. Assets capitalised while still under construction","1. Fixed asset additions listing
2. Capitalisation policy
3. Supporting invoices and time records
4. Project documentation","1. Misclassification value found
2. Internal cost capitalised
3. Additions tested to policy"
IA-FA-04,All industries,Fixed Assets,Depreciation and Useful Lives,"Assets are depreciated over lives that no longer reflect use, or depreciation is not charged at all on parts of the register.","Depreciation spreads an asset's cost over its life. Wrong life, wrong profit, every single year.",Medium,Financial,Confirm depreciation is calculated correctly and lives and residuals remain supportable.,"1. Useful lives by class and their periodic reassessment
2. Depreciation method and its appropriateness
3. Residual value assumptions against realised disposal proceeds
4. Assets fully depreciated but still in use
5. Depreciation start and stop dates","1. Recompute depreciation for a sample of assets and reconcile the total charge to the ledger.
2. Compare realised disposal proceeds to residual assumptions by class and test whether lives were reassessed.
3. Quantify fully depreciated assets still in use and assess whether lives were understated.
4. Test depreciation start dates against in-service dates.","1. Lives unchanged for a decade despite changed usage
2. Fully depreciated assets forming a large share of the register
3. Residuals far above realised proceeds
4. Depreciation suspended without justification","1. Fixed asset register with depreciation detail
2. Disposal proceeds data
3. Life reassessment documentation","1. Depreciation recomputation variance
2. Fully depreciated assets in use
3. Life reassessments performed"
IA-FA-05,All industries,Fixed Assets,"Disposals, Transfers and Retirements","Assets are disposed of below value, sold to connected parties, or removed from the register while still held.",Selling company assets cheaply to someone you know is one of the oldest frauds there is.,High,Fraud,"Confirm disposals are authorised, competitively realised and correctly accounted.","1. Disposal authorisation and method — tender, auction, trade-in, scrap
2. Proceeds received, banked and recorded
3. Buyer identity and any connection to employees
4. Transfers between locations and entities
5. Gain and loss calculation and accounting","1. Test disposals for authorisation and evidence of competitive realisation.
2. Trace disposal proceeds to bank receipts and recompute gain or loss.
3. Match buyers against employee and vendor records for connections.
4. Test that disposed assets were removed from insurance, licensing and maintenance contracts.","1. Repeat buyers across disposals
2. Assets written down shortly before disposal
3. Proceeds received in cash
4. Assets still insured after recorded disposal","1. Disposal authorisations and records
2. Bank receipts
3. Employee and vendor master data
4. Insurance schedules","1. Proceeds vs. book value
2. Disposals with competition
3. Connected buyer exceptions"
IA-FA-06,All industries,Fixed Assets,Impairment,"Impairment indicators are ignored, so assets that no longer generate value remain at full carrying amount.","When an asset stops earning its keep, the loss has already happened. Recognising it late just delays bad news.",High,Financial,Confirm impairment indicators are identified and assessments performed and supported.,"1. Process for identifying impairment indicators
2. Cash generating unit definition and consistency
3. Assumptions in value-in-use models — growth, discount rate, forecast horizon
4. Sensitivity analysis and headroom
5. Reversal of prior impairments","1. Test whether known indicators — idle assets, loss-making units, technology change — triggered an assessment.
2. Recompute a value-in-use model and test the sensitivity of the conclusion to key assumptions.
3. Compare forecast assumptions used in impairment models to budgets used elsewhere in the business.
4. Test the consistency of cash generating unit definitions between periods.","1. Forecasts in impairment models more optimistic than the board-approved budget
2. Cash generating units redefined to absorb a loss-making operation
3. Discount rates that fall as headroom tightens
4. Idle assets with no assessment","1. Impairment assessments and models
2. Budgets and forecasts
3. Asset utilisation data
4. Prior period assessments","1. Indicators triggering assessment
2. Model headroom
3. Assumption consistency"
IA-FA-07,All industries,Fixed Assets,Assets Under Construction,"Projects remain in construction long after completion, avoiding depreciation and concealing abandoned spend.","Projects left as 'under construction' avoid depreciation, so finished assets sometimes stay there on purpose.",Medium,Financial,Confirm assets under construction are genuinely incomplete and transferred promptly on completion.,"1. Ageing of the assets under construction balance
2. Evidence of commissioning and transfer timing
3. Abandoned or stalled projects and their write-off
4. Costs accumulated in construction that are not capital in nature
5. Interest and overhead capitalised during construction","1. Age the construction balance and test the oldest items for evidence they are still in progress.
2. Physically inspect a sample of assets recorded as under construction.
3. Test the completeness and timing of transfers to fixed assets against commissioning evidence.
4. Test whether abandoned projects were written off.","1. Balances in construction for more than two years
2. Assets in use but still recorded as under construction
3. Abandoned projects retained on the balance sheet
4. Operating costs accumulated in a construction account","1. Assets under construction ageing
2. Commissioning evidence
3. Project status reports
4. Transfer postings","1. AUC balance over 12 months old
2. Days commissioning to transfer
3. Abandoned project write-offs"
IA-FA-08,All industries,Fixed Assets,Leases and Right-of-Use Assets,"Leases are not identified or are misclassified, so right-of-use assets and lease liabilities are incomplete.",Rented assets now sit on the balance sheet. Leases nobody has identified mean the balance sheet is incomplete.,Medium,Financial,Confirm the lease population is complete and lease accounting reflects the contracts.,"1. Completeness of the lease register against contracts and payments
2. Identification of embedded leases in service contracts
3. Discount rate determination
4. Lease modifications, extensions and termination options
5. Short-term and low-value exemptions applied","1. Search payment data for recurring rental-type payments and reconcile to the lease register.
2. Review significant service contracts for embedded leases.
3. Recompute right-of-use asset and liability for a sample of leases including options reasonably certain to be exercised.
4. Test the discount rates used for support.","1. Leases known to operations but absent from the register
2. Options excluded from the term without analysis
3. Discount rates chosen to minimise the liability
4. Modifications not remeasured","1. Lease register and contracts
2. Payment data
3. Lease calculations
4. Discount rate support","1. Leases identified outside register
2. Recomputation variance
3. Modifications remeasured"
IA-FA-09,All industries,Fixed Assets,Asset Insurance and Maintenance,"Assets are uninsured or underinsured, and maintenance neglect shortens asset life and creates safety exposure.",Uninsured or badly maintained assets turn a single bad day into a very expensive one.,Medium,Operational,Confirm assets are adequately insured and maintained in line with their criticality.,"1. Insurance coverage against asset values and replacement cost
2. Reconciliation of the insured schedule to the asset register
3. Preventive maintenance programme and completion
4. Warranty tracking and claims
5. Critical spares and obsolescence","1. Reconcile the insured asset schedule to the fixed asset register and quantify uninsured or under-insured items.
2. Test insured values against replacement cost rather than book value.
3. Test preventive maintenance completion for critical assets.
4. Test whether warranty claims were pursued on failures within warranty.","1. Insurance based on net book value
2. Assets acquired but never added to the policy
3. Maintenance deferred on critical assets
4. Warranty periods lapsing unclaimed","1. Insurance policies and schedules
2. Fixed asset register
3. Maintenance records
4. Warranty documentation","1. Uninsured asset value
2. PM completion %
3. Warranty claims recovered"
IA-TX-01,All industries,Tax,Tax Governance and Strategy,"There is no clear ownership of tax risk, so positions are taken across the group that nobody has assessed in aggregate.","Without someone clearly owning tax risk, positions get taken across the group that nobody has assessed together.",Medium,Strategic,"Assess whether tax risk is governed, owned and reported.","1. Tax strategy, risk appetite and board oversight
2. Ownership of tax risk across entities and jurisdictions
3. Tax risk register and reporting to the audit committee
4. Resourcing and technical capability
5. Use and oversight of external advisers","1. Review the tax risk register against issues identified in the audit and assess completeness.
2. Test whether material tax positions were reported to the audit committee.
3. Assess whether advice received from advisers was acted upon or quietly shelved.
4. Test that each jurisdiction has an identified owner for tax compliance.","1. Tax risk register listing only routine compliance
2. Advice obtained and then not followed
3. Jurisdictions with no named owner
4. No tax item reaching the audit committee in a year","1. Tax strategy and risk register
2. Audit committee papers
3. Adviser correspondence
4. Entity and jurisdiction listing","1. Jurisdictions with named owner
2. Tax items reported to committee
3. Advice implemented"
IA-TX-02,All industries,Tax,Direct Tax Compliance,"Corporate tax returns are filed late or on positions that cannot be supported, generating assessments, interest and penalties.","Corporate tax filed late or wrongly attracts interest and penalties, and authorities can look back several years.",High,Compliance,Confirm direct tax obligations are met accurately and on time in every jurisdiction.,"1. Completeness of the filing calendar across all entities
2. Filing and payment timeliness
3. Support for deductions, reliefs and losses claimed
4. Reconciliation of the tax charge to the accounting profit
5. Correspondence and open enquiries with authorities","1. Build the obligation calendar independently from the entity register and compare to the one in use.
2. Test filing and payment dates against deadlines and quantify penalties and interest.
3. Test support for significant deductions and reliefs claimed.
4. Reconcile the effective tax rate and test the explanation for material reconciling items.","1. Entities discovered to have filing obligations nobody tracked
2. Repeated late filings in one jurisdiction
3. Losses carried forward without evidence of availability
4. Effective rate movements unexplained","1. Entity and jurisdiction register
2. Filed returns and payment evidence
3. Tax computations
4. Authority correspondence","1. Filings on time
2. Penalties incurred
3. Effective tax rate variance"
IA-TX-03,All industries,Tax,Indirect Tax,"VAT, GST or sales tax is charged, recovered or remitted incorrectly across large transaction volumes, so small errors become material.","Sales tax and VAT are applied to enormous numbers of transactions, so a small error repeated becomes a large bill.",High,Compliance,Confirm indirect tax is applied correctly at transaction level and returns are complete.,"1. Tax code determination logic in the systems
2. Treatment of cross-border, exempt and zero-rated supplies
3. Input tax recovery and partial exemption calculations
4. Manual overrides of tax codes
5. Reconciliation of returns to the ledger","1. Sample transactions across supply types and re-perform the tax determination.
2. Analyse manual tax code overrides by user and value.
3. Recompute the input tax recovery or partial exemption calculation.
4. Reconcile returns filed to the general ledger and test differences.","1. Tax codes overridden routinely at invoice entry
2. Recovery claimed on blocked categories
3. Cross-border supplies defaulting to domestic treatment
4. Return to ledger differences carried forward","1. Transaction level tax data
2. Tax code configuration
3. Filed indirect tax returns
4. Reconciliations","1. Determination error rate
2. Manual overrides
3. Return to ledger differences"
IA-TX-04,All industries,Tax,Employment Taxes and Benefits,"Payments to employees and contractors are misclassified, creating employment tax liabilities and worker status exposure.",Treating someone as a contractor when they work like an employee creates back-tax liabilities plus penalties.,High,Compliance,"Confirm employment taxes are correctly applied, including on benefits and contractor arrangements.","1. Worker status determinations for contractors and consultants
2. Benefits in kind identification and reporting
3. Expense reimbursements treated as non-taxable
4. Termination payments and their tax treatment
5. Cross-border and mobile employee obligations","1. Sample contractors and test the worker status determination against the substance of the engagement.
2. Test expense categories treated as non-taxable for correct treatment.
3. Test benefit reporting completeness against payroll and procurement data — company cars, health cover, allowances.
4. Test the tax treatment of termination settlements.","1. Long-serving contractors working like employees
2. Round-sum allowances paid untaxed
3. Benefits identified only from the payroll system
4. Mobile employees with no jurisdiction analysis","1. Contractor agreements and payment records
2. Expense and benefit data
3. Termination settlements
4. Employee mobility records","1. Contractors with status review
2. Benefits reported
3. Employment tax adjustments"
IA-TX-05,All industries,Tax,Transfer Pricing,"Intragroup transactions are priced without support, exposing the group to adjustment, double taxation and penalties.","When group companies charge each other, tax authorities want proof the price was fair. No proof means an adjustment.",High,Compliance,Confirm intragroup pricing follows policy and is documented to the standard each jurisdiction requires.,"1. Transfer pricing policy and its application in practice
2. Local file, master file and country-by-country reporting
3. Benchmarking studies and their currency
4. Intragroup service charges and evidence of benefit
5. Funding, royalties and licence arrangements","1. Test whether intragroup transactions were actually priced per policy by recomputing a sample.
2. Test documentation exists and is current for each jurisdiction with a requirement.
3. Test service charges for evidence the recipient benefited, not merely that cost was allocated.
4. Review benchmarking studies for age and comparability.","1. Documentation prepared long after year end
2. Service charges allocated by formula with no benefit evidence
3. Benchmarks several years old
4. Pricing that differs from the stated policy","1. Transfer pricing policy and documentation
2. Intragroup agreements and invoices
3. Benchmarking studies
4. CbCR submissions","1. Jurisdictions with current documentation
2. Pricing deviations found
3. Service charges with benefit evidence"
IA-TX-06,All industries,Tax,Tax Provisions and Deferred Tax,The tax provision and deferred tax balances are misstated because positions and temporary differences are not tracked.,"The tax numbers in the accounts are estimates too, and they depend on forecasts that may not hold.",High,Financial,Confirm tax balances in the accounts are supported and complete.,"1. Current tax provision support and reconciliation to returns filed
2. Deferred tax asset and liability calculation and temporary difference tracking
3. Recoverability of deferred tax assets and the forecasts supporting them
4. Uncertain tax positions and their measurement
5. Prior year adjustments and their causes","1. Reconcile the provision to returns subsequently filed and test the causes of significant true-ups.
2. Recompute deferred tax on a sample of temporary differences.
3. Test the forecast supporting deferred tax asset recognition against board-approved projections.
4. Test the measurement of uncertain tax positions against authority correspondence.","1. Large recurring prior year adjustments
2. Deferred tax assets supported by forecasts no one else uses
3. Uncertain positions not provided for despite live enquiries
4. Temporary differences tracked in a single spreadsheet","1. Tax provision schedules
2. Filed returns
3. Deferred tax workings
4. Forecasts and board projections","1. Prior year adjustment value
2. DTA recoverability headroom
3. Uncertain positions provided"
IA-TX-07,All industries,Tax,Tax Authority Audits and Disputes,Authority enquiries are handled inconsistently and the same issues recur across jurisdictions and years.,"When a tax authority finds something, the same issue usually exists elsewhere in the group.",Medium,Compliance,Assess how tax enquiries are managed and whether findings drive change.,"1. Tracking of open enquiries, assessments and appeals
2. Ownership and consistency of responses
3. Provisioning for assessments raised
4. Root cause analysis on findings and remediation
5. Lessons applied across other jurisdictions","1. Review open enquiries and test whether provisions reflect the exposure.
2. Trace closed enquiry findings to remediation actions and test whether they were implemented.
3. Test whether findings in one jurisdiction were assessed for relevance in others.
4. Test the timeliness of responses against authority deadlines.","1. Same finding raised in successive audits
2. Assessments settled with no root cause work
3. Responses missing deadlines
4. Provisions raised only after assessment is final","1. Enquiry and dispute register
2. Authority correspondence and assessments
3. Provision workings
4. Remediation records","1. Open enquiries and exposure
2. Repeat findings
3. Remediation completed"
IA-TX-08,All industries,Tax,"Tax Data, Systems and Reporting","Tax calculations depend on manual extracts and spreadsheets nobody controls, so errors are undetectable.","Tax is often calculated in spreadsheets nobody controls, which makes errors invisible until an authority finds them.",Medium,IT,Assess the integrity of the data and tools used to calculate and report tax.,"1. Source data quality feeding tax calculations
2. Reliance on spreadsheets and end user computing
3. Tax engine configuration and change control
4. Access to tax master data and rate tables
5. Audit trail from tax return back to source transactions","1. Trace a tax return figure back to source transactions and assess the effort required — poor traceability is itself a finding.
2. Test controls over the spreadsheets used in tax computation, including version control and formula integrity.
3. Test change control over tax engine configuration and rate tables.
4. Test who can amend tax master data.","1. Tax computed in an unversioned spreadsheet
2. Rate tables amended without change control
3. No audit trail from return to ledger
4. One person holding all tax model knowledge","1. Tax computation files
2. Tax engine configuration and change logs
3. Access listings
4. Data extracts","1. Traceability of return to source
2. EUC controls in place
3. Unauthorised rate changes"
IA-HR-01,All industries,Human Resources,Workforce Planning and Headcount Control,"Headcount grows outside approved plan and roles are filled without establishment approval, inflating cost.","Headcount is one of the largest costs a business has, and it grows quietly when nobody enforces the approved plan.",Medium,Financial,Confirm headcount is controlled against approved establishment and budget.,"1. Establishment approval and vacancy authorisation
2. Reconciliation of actual headcount to approved positions
3. Use of contractors to circumvent headcount limits
4. Backfill versus new role approval
5. Organisational change and restructuring authorisation","1. Reconcile paid headcount to approved establishment by function and investigate excesses.
2. Test whether contractor engagement increased where headcount was frozen.
3. Test a sample of hires to vacancy approval and budget availability.
4. Test restructuring costs against approvals.","1. Contractor numbers rising as headcount is capped
2. Roles filled before approval
3. Establishment last approved years ago
4. Restructuring costs exceeding approval","1. Establishment and budget approvals
2. Headcount reports
3. Contractor engagement data
4. Vacancy approvals","1. Headcount vs. establishment
2. Contractor ratio
3. Hires with prior approval"
IA-HR-02,All industries,Human Resources,Recruitment and Selection,"Hiring decisions are made without competitive or objective process, admitting unsuitable people and creating discrimination exposure.","Hiring without a fair, documented process invites both bad hires and discrimination claims.",Medium,Compliance,"Confirm recruitment is fair, documented and free from undisclosed conflicts.","1. Advertising, shortlisting and interview documentation
2. Panel composition and independence
3. Conflict of interest and relative disclosure by hiring managers
4. Use of agencies, their terms and fees
5. Consistency of offers against approved salary bands","1. Test a sample of hires for documented selection rationale and panel involvement.
2. Match new hires against employee records for family or prior relationships with the hiring manager.
3. Recompute agency fees against agreed terms and test rebate claims where hires leave early.
4. Test offers against approved salary bands and approval of exceptions.","1. Roles filled without advertisement
2. Hiring manager as sole interviewer
3. Relatives of employees appointed with no disclosure
4. Agency fees above agreed rates","1. Recruitment files
2. Interview and panel records
3. Agency agreements and invoices
4. Salary band approvals","1. Hires with documented process
2. Agency fee variances
3. Offers outside band"
IA-HR-03,All industries,Human Resources,"Learning, Competence and Mandatory Training","Staff perform regulated or safety-critical roles without the required competence, exposing the organisation to harm and enforcement.","In regulated or safety-critical roles, an expired certificate means the person should not be doing the job at all.",High,Compliance,Confirm role-required competence and mandatory training are achieved and current.,"1. Identification of roles with mandatory training or certification requirements
2. Completion tracking and enforcement
3. Currency of certifications and expiry monitoring
4. Effectiveness assessment beyond attendance
5. Training records for contractors performing regulated work","1. Reconcile staff in regulated or safety-critical roles to completed and current certification.
2. Test enforcement — what happens when training lapses; if nothing, the control does not exist.
3. Test whether contractors in equivalent roles meet the same requirements.
4. Assess whether competence is tested or attendance merely recorded.","1. Certifications expired but staff still rostered
2. Completion tracked with no consequence for non-completion
3. Training measured by attendance only
4. Contractors exempt from requirements","1. Training records and matrices
2. Role requirement definitions
3. Certification expiry reports
4. Contractor records","1. Mandatory training current
2. Expired certifications in role
3. Contractor compliance"
IA-HR-04,All industries,Human Resources,"Employee Relations, Grievance and Discipline","Grievances and disciplinary matters are handled inconsistently, generating legal claims and eroding trust.",Handling grievances inconsistently is how employment claims and tribunal costs are created.,Medium,Compliance,"Assess whether employee relations cases are handled fairly, consistently and promptly.","1. Case logging, ownership and timeliness
2. Investigation independence, particularly for senior subjects
3. Consistency of outcomes for comparable conduct
4. Legal claims, settlements and their causes
5. Trends by manager, function and location","1. Review a sample of cases for procedural fairness and timeliness against policy.
2. Compare outcomes for comparable conduct across seniority levels and locations.
3. Analyse claims and settlements for recurring causes and whether root causes were addressed.
4. Analyse case volumes by manager for concentration.","1. Cases open for months
2. Different outcomes for the same conduct
3. Settlements with non-disclosure and no root cause work
4. One manager generating most grievances","1. Case management records
2. Settlement agreements
3. Legal claim records
4. Manager-level case analysis","1. Days to close cases
2. Outcome consistency
3. Claims and settlement cost"
IA-HR-05,All industries,Human Resources,"Diversity, Equity and Pay Equity","Pay and progression differ across comparable roles without justification, creating legal exposure and reputational risk.",Unexplained pay differences between people doing the same job are a legal exposure and a retention problem.,Medium,Compliance,Assess whether pay and progression decisions are equitable and defensible.,"1. Pay analysis across comparable roles by gender and other protected characteristics
2. Progression and promotion rates across groups
3. Starting salary determination and negotiation effects
4. Reporting obligations on pay gaps
5. Action taken on identified disparities","1. Analyse pay for comparable roles and test the explanations offered for material dispersion.
2. Analyse promotion and progression rates across groups.
3. Test whether starting salaries are set by band or by negotiation, which tends to embed disparity.
4. Test the accuracy of any published pay gap reporting.","1. Disparities explained as ""experience"" with no data
2. Progression concentrated in one group
3. Starting salaries set entirely by negotiation
4. Published figures that cannot be reconstructed","1. Payroll and role data
2. Promotion records
3. Pay gap reporting and calculations
4. Remuneration policy","1. Pay dispersion in comparable roles
2. Progression rate by group
3. Actions on disparities"
IA-HR-06,All industries,Human Resources,Employee Data Privacy and HR Systems,"Employee personal data is over-retained, over-shared or accessible to people with no business need.","Employee records contain some of the most sensitive data a company holds, including health information.",High,Compliance,"Confirm employee data is protected, minimised and retained lawfully.","1. Access to HR and payroll data by role
2. Retention of records for leavers and unsuccessful candidates
3. Sharing with benefit providers, insurers and other third parties
4. Special category data — health, background checks
5. Monitoring of employees and its lawful basis","1. Test who can access sensitive employee data and whether the access is justified by role.
2. Test retention by identifying leaver and candidate records past the retention period.
3. Reconcile third parties receiving employee data to agreements and lawful basis.
4. Test the basis and transparency of any employee monitoring.","1. Managers with access to the whole workforce record
2. Candidate data retained indefinitely
3. Health data stored in general HR folders
4. Monitoring introduced without notice to staff","1. HR system access listings
2. Retention schedules and deletion evidence
3. Third-party agreements
4. Monitoring notices","1. Access appropriate to role
2. Records past retention
3. Third parties with agreements"
IA-HR-07,All industries,Human Resources,Succession and Key Person Risk,"Critical roles have no identified successor, so a departure creates immediate operational and control failure.","If only one person knows how something critical works, their resignation is an operational incident.",Medium,Strategic,Assess whether key person dependency is identified and mitigated.,"1. Identification of critical roles and single points of dependency
2. Succession plans and their realism
3. Documentation and cross-training for critical activities
4. Retention risk for key individuals
5. Handover quality when key staff leave","1. Identify critical roles and test whether a named, ready successor exists.
2. Test whether critical processes are documented sufficiently for another person to perform them.
3. Review recent departures of key staff and assess the quality of handover.
4. Assess whether mandatory leave is applied in roles where it would surface concealment.","1. Succession plans naming the same person for several roles
2. Critical processes with no documentation
3. Handovers of a single day
4. Key staff never taking leave","1. Succession plans
2. Critical role assessments
3. Process documentation
4. Leave records","1. Critical roles with successor
2. Documented critical processes
3. Key staff leave taken"
IA-INV-01,All industries,Inventory & Costing,Receiving and Put-Away,"Stock received is not what was ordered or is never recorded, so the ledger and the warehouse diverge from the first transaction.","If what arrives is not properly checked and recorded, every stock figure after that point is already wrong.",High,Operational,Confirm goods received are verified against the order and recorded promptly and accurately.,"1. Verification of quantity, quality and specification at receipt
2. Timeliness of receipt posting against physical arrival
3. Put-away accuracy and location recording
4. Rejected and quarantined stock handling
5. Receipts without a purchase order","1. Observe receiving and test whether counts and inspections are genuinely performed or documents simply signed.
2. Compare receipt posting timestamps to carrier delivery times and quantify delays.
3. Test put-away accuracy by selecting system locations and verifying physical presence.
4. Test the disposition of rejected stock — returned, scrapped or quietly absorbed.","1. Deliveries signed without counting
2. Receipts posted in batches days later
3. Stock in locations the system does not show
4. Rejected goods with no return evidence","1. Goods receipt records and timestamps
2. Purchase orders and delivery notes
3. Put-away and location data
4. Quarantine and rejection logs","1. Receipt posting lag
2. Put-away accuracy
3. Rejected stock disposition"
IA-INV-02,All industries,Inventory & Costing,Warehouse Operations and Custody,"Stock is stolen or damaged in storage, and weak custody controls mean the loss only appears at the next count.","Stock sitting in a warehouse is portable and saleable, which is why custody controls matter more than they look.",High,Fraud,Assess physical custody controls over inventory and the segregation between custody and record-keeping.,"1. Physical security — access control, CCTV, high-value cages
2. Segregation between warehouse custody and inventory record maintenance
3. Movement authorisation between locations
4. Handling of samples, promotional and staff purchases
5. Damage and write-off authorisation","1. Walk the warehouse and test physical access controls and segregation of high-value stock.
2. Test whether warehouse staff can amend inventory records to conceal a shortfall.
3. Test stock transfers between locations for authorisation and receipt confirmation at the destination.
4. Analyse write-offs by location, reason and approver for concentration.","1. Warehouse staff with inventory adjustment rights
2. Transfers despatched but never received
3. Write-offs concentrated before a count
4. Access lists including former employees","1. Access control and CCTV records
2. System access rights for inventory adjustment
3. Transfer documentation
4. Write-off approvals","1. Write-off value by location
2. Transfers unreceived
3. Adjustment rights conflicts"
IA-INV-03,All industries,Inventory & Costing,Cycle Counting and Physical Verification,"Counts are performed by the people responsible for the stock, so discrepancies are corrected rather than reported.",Counting stock is how you find out what is really there. Letting the same people count their own stock defeats the point.,High,Fraud,"Confirm counting is independent, covers the population and results in investigated, approved adjustments.","1. Count programme coverage, frequency and risk weighting
2. Independence of counters from custody
3. Recount and tolerance rules
4. Investigation of variances before adjustment
5. Approval authority for inventory adjustments","1. Attend a count unannounced and perform test counts in both directions.
2. Test coverage — identify items and locations never counted in the period.
3. Test whether variances above tolerance were investigated before the adjustment was posted, or simply posted.
4. Analyse adjustments by item, location and approver for offsetting positives and negatives.","1. Counts performed by the storekeeper alone
2. Positive and negative adjustments offsetting to near zero
3. Items never selected for count
4. Adjustments posted before investigation","1. Count schedules and results
2. Count sheets and recount records
3. Adjustment postings and approvals
4. Coverage analysis","1. Count coverage %
2. Gross vs. net adjustment
3. Variances investigated"
IA-INV-04,All industries,Inventory & Costing,Costing and Standard Cost Maintenance,"Inventory is valued using costs that no longer reflect reality, so margin and stock value are both wrong.",The cost attached to each item decides both the stock value and the reported margin on every sale.,High,Financial,Confirm inventory cost reflects actual purchase and conversion cost on a supportable basis.,"1. Costing method and its consistent application
2. Standard cost roll frequency and approval
3. Overhead absorption basis and capacity assumptions
4. Purchase price variance analysis and disposition
5. Cost of items with volatile input prices","1. Recompute unit cost for a sample of items from purchase invoices and conversion cost data.
2. Test the overhead absorption rate against actual overhead and activity, including treatment of idle capacity.
3. Analyse purchase price variances by item and test whether they are investigated or simply absorbed.
4. Test the timing of the last standard cost roll against input price movements.","1. Standards unchanged through a period of significant price inflation
2. Idle capacity absorbed into inventory value
3. Variances written off without analysis
4. Overhead absorbed on an outdated activity base","1. Cost build-up files
2. Purchase invoices and conversion cost data
3. Variance reports
4. Standard cost roll approvals","1. Cost recomputation variance
2. PPV as % of purchases
3. Months since cost roll"
IA-INV-05,All industries,Inventory & Costing,"Obsolescence, Slow-Moving and Net Realisable Value","Stock that will never sell at cost remains valued at cost, overstating assets and deferring a loss already incurred.","Stock that will never sell at full price is worth less than the books say, and saying so is uncomfortable.",High,Financial,Confirm inventory is carried at the lower of cost and net realisable value.,"1. Ageing and slow-moving reporting accuracy
2. Provisioning policy and its consistent application
3. Evidence of realisable value — recent sales, forecasts, market prices
4. Management overrides of the formula-driven provision
5. Treatment of discontinued lines and engineering changes","1. Test the ageing report logic — ageing based on receipt date can understate slow-moving items if stock is rotated in the system.
2. Compare carrying value to recent selling prices net of costs to sell for a sample of lines.
3. Test management overrides to the provision for support and approval.
4. Identify stock with no movement in twelve months and test the justification for holding it at cost.","1. Provision released to support results
2. Ageing reset by internal transfers
3. Discontinued lines still held at full cost
4. Realisable value supported by optimistic forecasts","1. Inventory ageing and movement reports
2. Provision calculations and overrides
3. Recent sales price data
4. Discontinuation notices","1. Provision coverage of aged stock
2. Stock with no movement 12m
3. Override value"
IA-INV-06,All industries,Inventory & Costing,"Consignment, Third-Party and In-Transit Stock","Stock held by others or in transit is recorded on the wrong balance sheet, or lost entirely because nobody is counting it.","Stock held elsewhere, or in transit, is easy to count twice or not at all.",Medium,Financial,Confirm that inventory ownership and location are correctly reflected wherever the stock physically sits.,"1. Identification of stock held at third parties and by agents
2. Consignment agreements and ownership terms
3. Confirmation and counting of externally held stock
4. Goods in transit and the shipping terms that determine ownership
5. Customer-owned stock held on the premises","1. Obtain confirmations from third parties holding stock and reconcile to the ledger.
2. Test consignment agreements to determine when ownership and risk transfer, and confirm accounting follows.
3. Test goods in transit at period end against shipping terms.
4. Identify customer-owned material on site and confirm it is excluded from inventory.","1. Third-party stock never counted or confirmed
2. Consignment treated as sold on despatch
3. In-transit stock recorded by both parties or neither
4. Customer material indistinguishable from own stock","1. Third-party stock confirmations
2. Consignment agreements
3. Shipping documentation
4. Inventory listings by location","1. Externally held stock confirmed
2. In-transit cut-off errors
3. Locations reconciled"
IA-INV-07,All industries,Inventory & Costing,"Scrap, Returns and Reverse Logistics","Scrap and returned goods are removed from the system without control, providing a route for stock to leave the business.",Scrap and returns are a legitimate-looking route for stock to leave the building.,Medium,Fraud,"Confirm scrap and returns are authorised, evidenced and any residual value captured.","1. Scrap authorisation, witnessing and disposal evidence
2. Proceeds from scrap sales and where they are recorded
3. Customer returns receipt, inspection and disposition
4. Restocking accuracy and valuation of returned goods
5. Warranty and repair stock movements","1. Test scrap transactions for authorisation and independent witnessing of destruction or disposal.
2. Trace scrap sale proceeds to bank receipts and the ledger.
3. Test returned goods from receipt through inspection to restock, repair or scrap, and check valuation at each step.
4. Analyse return volumes by customer and product for patterns.","1. Scrap disposed of without witness
2. Scrap sale proceeds received in cash
3. Returns restocked at full value without inspection
4. Return rates far above normal for one customer","1. Scrap authorisation and disposal records
2. Scrap sale invoices and bank receipts
3. Returns processing records
4. Restock valuations","1. Scrap value and proceeds
2. Returns restocked without inspection
3. Return rate by customer"
IA-IT-01,All industries,IT & Technology,Change Management,"Changes reach production without testing or approval, causing outages, data corruption or the quiet introduction of unauthorised functionality.","Most major system outages are caused by a change someone made, not by an attacker.",High,IT,"Confirm that changes to production systems are authorised, tested and traceable.","1. Change approval, testing evidence and back-out planning
2. Emergency change usage and retrospective approval
3. Segregation between development, testing and production migration
4. Direct data fixes applied to production databases
5. Post-implementation review of significant changes","1. Reconcile changes deployed to production against approved change records; investigate any deployment with no change ticket.
2. Quantify emergency changes as a proportion of total and test retrospective approval.
3. Test whether developers can migrate their own code to production.
4. Extract direct database changes and test authorisation for each.
5. Test back-out plans for substance rather than a generic statement.","1. Emergency changes used to bypass approval routinely
2. Deployments with no corresponding ticket
3. Developers holding production migration rights
4. Testing evidence created after go-live","1. Change management records
2. Deployment logs
3. Database change logs
4. Developer access rights","1. Emergency change %
2. Unauthorised deployments
3. Change failure rate"
IA-IT-02,All industries,IT & Technology,IT Operations and Job Scheduling,"Batch failures, interface errors and processing exceptions go unnoticed, so financial data is incomplete or wrong without anyone knowing.","Overnight processing runs the business. When a job fails silently, the numbers are simply incomplete.",Medium,IT,Confirm that scheduled processing and system interfaces run completely and that failures are detected and resolved.,"1. Job scheduling, dependencies and failure alerting
2. Interface control totals between systems
3. Incident detection, prioritisation and resolution
4. Reprocessing and manual intervention controls
5. Monitoring coverage and who watches it out of hours","1. Review job failure logs for the period and test resolution of failures affecting financial data.
2. Test interface control totals between key systems and quantify unexplained differences.
3. Sample incidents and trace to root cause and permanent fix rather than a workaround.
4. Test who can amend the job schedule and whether changes follow change management.","1. Recurring job failures accepted as normal
2. Interfaces reconciled by record count only, not value
3. Incidents closed as ""restarted, no further action""
4. Schedule amendments made directly in production","1. Job scheduler logs
2. Interface reconciliation reports
3. Incident management records
4. Monitoring configuration","1. Job failure rate
2. Interface differences
3. Repeat incidents"
IA-IT-03,All industries,IT & Technology,Cyber Security — Vulnerability and Patch Management,"Known vulnerabilities remain unpatched on systems exposed to attack, giving an intruder a documented route in.",Attackers use known weaknesses that already have fixes available. Unpatched systems are an open door.,High,IT,"Assess whether vulnerabilities are identified, prioritised and remediated within defined timeframes.","1. Asset inventory completeness — you cannot patch what you do not know about
2. Vulnerability scanning coverage and frequency
3. Remediation timeframes by severity and adherence to them
4. Exception and risk acceptance process for unpatched systems
5. End-of-life and unsupported systems still in use","1. Compare the asset inventory to network discovery output and quantify unmanaged devices.
2. Extract open vulnerabilities by severity and age; quantify those beyond the remediation deadline.
3. Test the exception process for critical vulnerabilities accepted rather than fixed, and whether acceptance was authorised at the right level.
4. Identify end-of-life systems still in production and test the compensating controls claimed.","1. Critical vulnerabilities open for months
2. Scanning that excludes the most sensitive network segments
3. Risk acceptances granted indefinitely
4. Unsupported operating systems on internet-facing hosts","1. Asset inventory and network discovery output
2. Vulnerability scan results
3. Remediation and exception records
4. End-of-life system register","1. Critical vulnerabilities past SLA
2. Scan coverage %
3. Unsupported systems in production"
IA-IT-04,All industries,IT & Technology,"Cyber Security — Perimeter, Endpoint and Email","An attacker gains entry through phishing, weak authentication or an unprotected endpoint, and moves through the network undetected.","Most breaches start with a person clicking something or a password being reused, not with sophisticated hacking.",High,IT,Assess the preventive and detective controls against the most common intrusion routes.,"1. Multi-factor authentication coverage, especially remote access and administrators
2. Email filtering, phishing simulation results and reporting culture
3. Endpoint protection deployment and exception devices
4. Network segmentation limiting lateral movement
5. Logging, monitoring and alert triage","1. Test multi-factor authentication coverage across all remote access paths and privileged accounts; identify bypass routes.
2. Review phishing simulation results by department and test whether repeat clickers receive intervention.
3. Reconcile endpoint protection deployment to the asset inventory and investigate unprotected devices.
4. Test segmentation by reviewing firewall rules between zones for overly permissive entries.
5. Sample security alerts and test triage quality and time to respond.","1. Service and administrator accounts exempt from multi-factor authentication
2. Firewall rules permitting any-to-any
3. Alerts closed without investigation notes
4. Phishing reporting rates near zero","1. Authentication configuration
2. Phishing simulation results
3. Endpoint deployment reports
4. Firewall rule sets
5. Security alert logs","1. MFA coverage %
2. Phishing click and report rates
3. Alert triage time"
IA-IT-05,All industries,IT & Technology,"Backup, Recovery and Disaster Recovery","Backups exist but cannot actually restore the business, so a ransomware event or hardware failure becomes an existential problem.",Having backups is not the same as being able to restore. You find out which you have on the worst day.,High,IT,"Confirm that backup and recovery capability is real, tested and protected from the same event it insures against.","1. Backup scope, frequency and alignment to recovery point objectives
2. Restoration testing — actual restores, not backup success reports
3. Immutability and offline copies protected from ransomware
4. Disaster recovery plan currency and test realism
5. Recovery time objectives agreed with the business and validated","1. Obtain evidence of an actual restore test and its outcome; a successful backup job is not evidence of recoverability.
2. Test whether backup copies are immutable or offline and whether backup infrastructure uses separate credentials.
3. Compare recovery objectives agreed with the business to what the most recent test achieved.
4. Review the disaster recovery test scope — a tabletop exercise is not a failover.","1. Backups never restored in test
2. Backup systems on the same domain with the same admin credentials
3. Recovery objectives defined by IT with no business input
4. DR tests scoped to exclude the critical systems","1. Backup job reports and restore test evidence
2. Backup architecture documentation
3. DR plans and test reports
4. Business impact analysis","1. Restore tests completed
2. Actual vs. target recovery time
3. Systems with immutable backups"
IA-IT-06,All industries,IT & Technology,Third-Party and Cloud Service Management,Critical systems run on third-party platforms with no assurance over their controls and no ability to exit.,"Using a cloud provider moves the work, not the accountability. If it goes down, your business goes down.",High,IT,Assess governance and assurance over outsourced and cloud-hosted technology.,"1. Inventory of cloud services and shadow IT procured outside the process
2. Service auditor reports obtained and complementary user controls performed
3. Contractual terms — data location, breach notification, audit rights, exit
4. Cloud configuration and who is responsible for what
5. Vendor access to the organisation's environment","1. Build an independent inventory of cloud services from expenditure and network data; compare to the official register.
2. Obtain service auditor reports for critical providers, identify complementary user controls and test whether they operate.
3. Review cloud configuration against a recognised benchmark for the most sensitive workloads.
4. Test vendor remote access — accounts, authentication and session monitoring.","1. Cloud services paid for on expense claims
2. Service auditor reports unread
3. Storage buckets or databases publicly accessible
4. Vendor accounts with standing privileged access","1. Expenditure and network data
2. Cloud service register
3. Service auditor reports
4. Configuration benchmark results
5. Vendor access records","1. Shadow IT services found
2. Complementary controls performed
3. Configuration benchmark failures"
IA-IT-07,All industries,IT & Technology,"Data Governance, Quality and Privacy","Personal and business-critical data is held without ownership, retained beyond need, or exposed to people who have no reason to see it.","Data that nobody owns gets kept too long, shared too widely, and eventually leaked.",High,Compliance,"Assess whether data is classified, owned, protected and retained in line with obligations.","1. Data inventory, classification and ownership
2. Retention schedules and their actual enforcement
3. Access to sensitive data sets and periodic review
4. Data quality controls at entry and in transformation
5. Privacy obligations — consent, subject rights, cross-border transfer","1. Test whether data classified as sensitive is actually protected accordingly, including in test environments and extracts.
2. Test retention by identifying data past its retention period and confirming whether deletion occurred.
3. Test data subject rights requests for completeness and timeliness of response.
4. Review data quality controls for key financial data feeds and quantify error rates.
5. Test whether production data is copied into non-production environments unmasked.","1. Production data in test systems unmasked
2. Retention policy written but never executed
3. No named owner for critical data sets
4. Cross-border transfers with no assessed legal basis","1. Data inventory and classification
2. Retention schedules and deletion evidence
3. Access listings for sensitive data
4. Subject rights request records","1. Data past retention
2. Subject requests in time
3. Unmasked non-production copies"
IA-IT-08,All industries,IT & Technology,IT Asset Management and Software Licensing,"Hardware and software are untracked, so assets are lost, licences are under-purchased and the organisation is exposed to audit by the vendor.","Untracked laptops walk out of the door, and unlicensed software invites an expensive audit from the vendor.",Medium,Operational,"Confirm that technology assets and licences are tracked, reconciled and compliant.","1. Hardware asset register accuracy and disposal process
2. Data sanitisation on disposal or return of devices
3. Software discovery versus licences held
4. Licence terms — users, cores, virtualisation rights
5. Vendor audit history and settlements","1. Reconcile the asset register to network discovery and to procurement records; investigate differences in both directions.
2. Test disposal records for evidence of data sanitisation certificates.
3. Compare installed software counts to licence entitlements and quantify the compliance gap.
4. Review licence terms for the largest vendors against the deployment model actually used.","1. Devices issued to leavers never returned
2. Disposal with no sanitisation evidence
3. Software deployed well beyond entitlement
4. Virtualisation increasing licence exposure unnoticed","1. Asset register and discovery data
2. Disposal and sanitisation records
3. Software deployment reports
4. Licence agreements","1. Assets unaccounted for
2. Licence compliance gap
3. Disposals with sanitisation evidence"
IA-IT-09,All industries,IT & Technology,IT Project and Programme Delivery,"Major technology programmes overrun, deliver less than promised, or go live without controls, and the business case is never revisited.","Large technology projects fail slowly and quietly, and status reports stay green until the day they do not.",Medium,Strategic,"Assess whether technology investment is governed, controlled and delivering the promised benefit.","1. Business case approval, benefit definition and post-implementation review
2. Governance structure, reporting accuracy and escalation
3. Scope, schedule and cost control including change requests
4. Controls designed into new systems before go-live
5. Data migration accuracy and reconciliation","1. Compare reported project status to underlying evidence — status reporting is frequently optimistic until it is not.
2. Test change requests for approval and their cumulative effect on cost and scope against the original approval.
3. Test whether internal audit or a controls function reviewed the design before go-live.
4. For completed migrations, test the reconciliation between source and target data.
5. Compare realised benefits to the business case for completed projects.","1. Status reported green until it turns red without an amber stage
2. Benefits never measured after go-live
3. Controls deferred to a later phase that never arrives
4. Migration reconciliations performed on counts, not values","1. Business cases and approvals
2. Project status reports and steering minutes
3. Change request logs
4. Migration reconciliations
5. Post-implementation reviews","1. Cost and schedule variance
2. Projects with post-implementation review
3. Benefits realised vs. case"
IA-IT-10,All industries,IT & Technology,End User Computing and Spreadsheets,"Material financial reporting depends on spreadsheets and databases built outside IT, with no version control, no testing and no backup.",A surprising amount of financial reporting depends on a spreadsheet on one person's drive with no version control.,Medium,IT,Assess whether critical end user computing applications are identified and controlled proportionately.,"1. Inventory of critical spreadsheets and user-built databases
2. Access restriction and version control
3. Formula integrity, input validation and change testing
4. Reliance placed on them in financial reporting
5. Backup and key person dependency","1. Identify spreadsheets feeding the financial statements or key controls and test whether they appear in any inventory.
2. Test formula integrity on a sample — check for hard-coded values overwriting formulas and broken ranges.
3. Test whether access is restricted and whether changes are tracked.
4. Assess key person dependency — whether anyone else can operate or explain the model.","1. Critical models on a personal drive
2. Hard-coded plugs inside formula columns
3. No one but the author understands the calculation
4. Versions distinguished only by filename suffix","1. End user computing inventory
2. The spreadsheets themselves
3. Access permissions
4. Financial reporting process documentation","1. Critical EUCs inventoried
2. Formula integrity exceptions
3. EUCs with restricted access"
IA-IT-11,All industries,IT & Technology,"IT Governance, Strategy and Resilience","Technology decisions are made without alignment to business need or risk appetite, leaving critical dependencies and obsolescence unmanaged.",Old systems that nobody wants to touch keep running until the day they cannot be fixed any more.,Medium,Strategic,"Assess whether technology is governed, funded and resourced against the organisation's actual dependency on it.","1. IT strategy and its alignment to business plans
2. Technology risk reporting to the board and its quality
3. Technical debt and obsolescence in critical systems
4. Resourcing, key person dependency and succession
5. Business continuity for technology-dependent processes","1. Compare the technology risk reported to the board against what the audit found operationally.
2. Identify critical systems past supported life and test the remediation plan and its funding.
3. Assess key person dependencies for critical platforms and whether documentation would allow another person to operate them.
4. Test whether business continuity plans for technology-dependent processes have been exercised.","1. Board reporting consistently green while incidents continue
2. Remediation plans without budget attached
3. One person holding all knowledge of a critical platform
4. Continuity plans that assume systems will be available","1. IT strategy and board papers
2. Application portfolio with support status
3. Resourcing and succession plans
4. Continuity plans and test records","1. Critical systems out of support
2. Risks reported vs. found
3. Continuity plans exercised"
IA-O2C-01,All industries,Order to Cash,Customer Master Data,"Fictitious or duplicate customers are created, or bank and address details are altered, enabling diverted refunds and concealed related-party sales.",Fake or duplicated customer records are how fictitious sales and diverted refunds are set up.,High,Fraud,"Confirm customer master records are created and amended only on authorised, verified information.","1. Authorisation and verification of customer creation and amendment
2. Duplicate customer detection
3. Changes to remittance and refund bank details
4. Related-party and employee matching
5. Dormant customer reactivation","1. Extract the customer master change log and test creations and amendments for authorisation independent of sales.
2. Run duplicate analytics on name, tax identifier, address and bank account.
3. Match customer records against employee data for shared addresses, phones and bank accounts.
4. Test refunds paid to bank details changed shortly before the refund.
5. Identify dormant customers reactivated in the period and test the first transaction on each.","1. Customers created by the salesperson who then sells to them
2. Refund bank details differing from the collection account
3. Duplicates that split a single exposure below credit limits
4. Reactivated dormant accounts with immediate credit balances","1. Customer master change log
2. Sales and refund transaction data
3. Employee master data
4. Credit files","1. Master changes with authorisation
2. Duplicate customer exceptions
3. Refunds to changed bank details"
IA-O2C-02,All industries,Order to Cash,Credit Assessment and Limits,"Credit is granted without adequate assessment, or limits are set and raised to accommodate a sale rather than to reflect the customer's ability to pay.","Giving credit to someone who cannot pay is a decision to lose money, taken one order at a time.",High,Financial,"Assess whether credit decisions are evidence-based, independent of sales, and enforced.","1. Credit assessment methodology and information sources
2. Limit approval authority and independence from sales
3. Frequency of limit review, especially for the largest exposures
4. System enforcement of limits at order entry
5. Credit insurance, guarantees and security held","1. Test a sample of new limits to the supporting assessment and the approval authority.
2. Analyse limit increases and test how many occurred within days of a blocked order.
3. Compare exposures to limits at several dates and quantify over-limit balances.
4. Test whether security, guarantees or credit insurance recorded are valid and enforceable.
5. Test limits not reviewed within the policy cycle for the largest customers.","1. Limits raised immediately after an order block
2. Assessments based only on customer-supplied figures
3. Security recorded but never perfected
4. Limits unreviewed for years on major accounts","1. Credit files and assessments
2. Limit master data and change log
3. Aged receivables
4. Credit insurance policies and guarantees","1. Exposure over limit
2. Limits raised post-block
3. Limits reviewed on cycle"
IA-O2C-03,All industries,Order to Cash,Order Entry and Acceptance,"Orders are accepted that the organisation cannot fulfil, should not accept, or that carry terms never approved.",Accepting an order commits the business to terms it may not be able to meet.,Medium,Operational,Confirm orders are accepted within approved commercial and credit parameters.,"1. Order entry authorisation and completeness of order data
2. Blocked-order release and who performs it
3. Non-standard terms — payment terms, delivery, penalties, retention
4. Availability and fulfilment feasibility checks
5. Order acknowledgement and contract formation","1. Test blocked orders released in the period and inspect the approval for each.
2. Sample orders with non-standard terms and trace the approval against delegated authority.
3. Reconcile orders entered to orders acknowledged and fulfilled; investigate orders cancelled after entry.
4. Test whether penalty and service-credit clauses accepted at order stage are tracked operationally.","1. Blocks released by sales staff
2. Non-standard terms agreed by email without approval
3. Orders entered then cancelled repeatedly at period end
4. Penalty clauses accepted with no one monitoring performance","1. Order entry system data
2. Blocked-order release logs
3. Customer contracts and terms
4. Order acknowledgements","1. Blocked orders released
2. Orders with non-standard terms
3. Order cancellation rate"
IA-O2C-04,All industries,Order to Cash,"Pricing, Discounts and Rebates","Prices, discounts and rebates are applied outside approved authority, eroding margin invisibly one transaction at a time.",Discounts and rebates are given away one transaction at a time and rarely reviewed in total.,High,Financial,Confirm invoiced prices reflect approved price lists and that discounts and rebates are authorised and earned.,"1. Price list maintenance and approval
2. Discount authority by role and value
3. Manual price overrides at invoicing
4. Rebate and volume incentive agreements and their accrual
5. Margin analysis by customer, product and salesperson","1. Re-price a sample of invoices from the approved price list and quantify the variance.
2. Analyse manual price overrides by user and customer; test the largest against approval authority.
3. Recompute rebates earned against agreements and test the accrual.
4. Analyse margin by customer and salesperson and investigate the loss-making tail.
5. Test whether price list changes were approved before activation.","1. Discounts clustered just under an approval threshold
2. Overrides concentrated with one user
3. Rebates accrued on volumes never achieved
4. Customers persistently below cost to serve","1. Price lists and change logs
2. Invoice data
3. Discount approvals
4. Rebate agreements and accruals","1. Price variance on re-pricing
2. Override value by user
3. Margin by customer"
IA-O2C-05,All industries,Order to Cash,"Despatch, Delivery and Cut-Off","Goods or services are recorded as delivered when they are not, or delivery is recorded in the wrong period, misstating revenue.","Recording a delivery in the wrong period moves profit between years, which is a classic way to flatter results.",High,Financial,Confirm delivery is evidenced and recorded in the correct period.,"1. Proof of delivery capture and retention
2. Cut-off procedures at period end
3. Goods despatched but not invoiced, and invoiced but not despatched
4. Consignment, bill-and-hold and agency arrangements
5. Delivery to third-party warehouses or agents","1. Test cut-off either side of period end by tracing despatch documents to invoices and to the revenue period recorded.
2. Reconcile despatches to invoices for the period and age the unbilled and un-despatched populations.
3. Test the existence of proof of delivery for a sample of the largest period-end sales.
4. Review bill-and-hold and consignment arrangements against the criteria for recognising revenue.","1. A concentration of large despatches on the final days of the period
2. Proof of delivery missing for the largest transactions
3. Consignment stock treated as sold
4. Delivery dates amended after invoicing","1. Despatch records and proof of delivery
2. Invoice register
3. Period-end cut-off testing schedules
4. Consignment agreements","1. Cut-off errors identified
2. Despatched not invoiced ageing
3. POD completeness"
IA-O2C-06,All industries,Order to Cash,Invoicing Accuracy and Completeness,"Deliveries are never invoiced, or invoices are issued with errors that delay payment and trigger disputes.",Goods delivered but never invoiced is money the business has simply given away.,High,Financial,"Confirm every delivery is invoiced once, accurately, and on time.","1. Completeness of invoicing against delivery
2. Invoice accuracy — quantity, price, tax, currency, customer details
3. Timeliness of invoicing after delivery
4. Sequence control over invoice numbering
5. Manual and pro-forma invoices outside the main system","1. Reconcile delivered volumes to invoiced volumes and quantify the unbilled population and its ageing.
2. Test invoice numerical sequence for gaps and duplicates.
3. Sample invoices and re-perform the calculation including tax treatment and currency.
4. Identify invoices raised outside the main system and test their control and recording.
5. Measure days from delivery to invoice by business unit.","1. Unbilled deliveries ageing beyond the billing cycle
2. Gaps in invoice sequence with no explanation
3. Manual invoices used routinely for particular customers
4. Recurring disputes traced to invoice errors","1. Delivery and invoice data
2. Invoice sequence reports
3. Tax configuration
4. Dispute logs","1. Unbilled deliveries ageing
2. Days delivery to invoice
3. Invoice error rate"
IA-O2C-07,All industries,Order to Cash,"Credit Notes, Returns and Adjustments","Credit notes are issued to conceal uncollectable debt, to reverse fictitious sales, or without any authorisation.",Credit notes reverse sales. They are also the easiest way to hide a debt that was never going to be collected.,High,Fraud,"Confirm credit notes and adjustments are justified, supported and authorised independently.","1. Credit note authorisation limits and independence from sales and collections
2. Reason codes and their integrity
3. Credit notes issued after period end against prior-period sales
4. Returns received and their restocking or scrapping
5. Write-offs disguised as credit notes","1. Analyse credit notes by issuer, customer, value and reason code; test the largest and the most frequent.
2. Test credit notes raised after period end against sales recorded in the prior period.
3. Match credit notes for returns to physical evidence that goods came back.
4. Test whether credit notes are being used in place of a bad debt write-off, which would bypass the write-off authority.","1. Credit notes concentrated shortly after period end
2. Reason code ""other"" dominating
3. Credits issued by the collector chasing the debt
4. No goods returned against return-reason credits","1. Credit note register with user and reason
2. Returns receipts
3. Sales data
4. Write-off approvals","1. Credit notes as % of revenue
2. Credits by issuer
3. Post period-end credits"
IA-O2C-08,All industries,Order to Cash,Cash Application and Unapplied Cash,"Receipts are misapplied or left unapplied, concealing lapping, misappropriation or genuinely overdue balances.",Money received but not matched to an invoice makes the debt look overdue and hides where cash actually went.,High,Fraud,Confirm receipts are applied promptly and accurately to the correct customer and invoice.,"1. Timeliness of cash application and the size of unapplied cash
2. Segregation between cash application, credit control and bank reconciliation
3. Write-off of small differences and unallocated amounts
4. Bank reconciliation quality and reconciling item ageing
5. Lapping indicators across customer accounts","1. Age the unapplied and on-account cash and test the reason for the oldest items.
2. Test that the person applying cash cannot raise credit notes or write off balances.
3. Analyse receipt application timing for patterns consistent with lapping — receipts applied to progressively older invoices.
4. Test bank reconciliations for aged reconciling items and unexplained adjustments.
5. Recompute small-difference write-offs against the tolerance policy.","1. Unapplied cash growing period on period
2. Receipts routinely applied several days late
3. One person handling receipts, application and write-offs
4. Reconciling items carried forward for months","1. Cash application records and unapplied cash ageing
2. Bank statements and reconciliations
3. Write-off approvals
4. Segregation of duties matrix","1. Unapplied cash ageing
2. Days to apply receipts
3. Small write-off value"
IA-O2C-09,All industries,Order to Cash,Collections and Dispute Management,"Overdue balances are not pursued on schedule and disputes are left unresolved, so recoverable amounts become bad debts.","The longer a debt goes unchased, the less of it comes back.",High,Financial,"Assess whether collection activity and dispute resolution are timely, escalated and effective.","1. Dunning and escalation timetable and adherence to it
2. Collector workload, targets and performance
3. Dispute logging, ownership and resolution time
4. Stop-supply and legal escalation decisions
5. Use of external collection agencies and their recovery rates","1. Test whether escalation steps actually occurred at the policy trigger points for a sample of overdue accounts.
2. Analyse ageing and recovery performance by collector and by business unit.
3. Age disputed balances and test the resolution of the oldest; disputes often mask a delivery or invoicing failure.
4. Test whether stop-supply rules were applied or overridden, and by whom.
5. Compare recovery rates before and after referral to external agencies.","1. Promises to pay recorded repeatedly with no follow-through
2. Disputes open beyond ninety days with no owner
3. Stop-supply overridden for the largest debtors
4. Accounts referred to agencies only once they are uncollectable","1. Aged receivables and collector activity notes
2. Dispute register
3. Stop-supply override approvals
4. Agency referral and recovery data","1. Days sales outstanding
2. Disputes over 90 days
3. Recovery rate after referral"
IA-O2C-10,All industries,Order to Cash,Bad Debt Provision and Write-Offs,"The provision for doubtful debts is understated and write-offs are approved without authority, delaying recognition of losses.",Not providing for debts that will never be paid overstates both profit and what the business is owed.,High,Financial,Confirm the provision reflects genuine recoverability and that write-offs are properly authorised.,"1. Provision methodology — ageing based, specific, or expected credit loss
2. Consistency of application and any management overlay
3. Write-off authority and evidence of recovery effort before write-off
4. Recovery of amounts previously written off
5. Balances with no movement or activity","1. Recompute the provision using the stated methodology and test the basis of any management override.
2. Sample write-offs and test the authority level and the recovery steps taken beforehand.
3. Identify aged balances not provided for and test the justification, including reliance on informal assurances.
4. Test subsequent receipts against previously written-off accounts, which can indicate premature write-off or misappropriated recoveries.","1. Aged balances excluded from provision on the basis of a verbal assurance
2. Write-offs approved by the credit manager alone
3. Recoveries after write-off retained outside the ledger
4. Provision percentage unchanged despite a deteriorating book","1. Aged receivables
2. Provision calculations
3. Write-off approvals
4. Post write-off receipt records","1. Provision coverage of aged debt
2. Write-offs by approver
3. Post write-off recoveries"
IA-O2C-11,All industries,Order to Cash,Revenue Recognition Judgements,"Revenue is recognised on terms that do not reflect the contract — before obligations are met, gross where the organisation acts as agent, or without allocating to separate obligations.","When revenue is recognised is a judgement, and judgements around year end get pressure applied to them.",High,Financial,Confirm revenue recognition reflects the substance of customer contracts.,"1. Identification of performance obligations in customer contracts
2. Timing — point in time versus over time
3. Gross versus net presentation where a third party is involved
4. Variable consideration, rebates, penalties and refund rights
5. Side agreements and non-standard terms outside the contract file","1. Read a sample of significant contracts and test whether recognition follows the obligations and terms actually written.
2. Test arrangements involving a third party for principal versus agent indicators and the resulting presentation.
3. Test the estimation of variable consideration and whether constraints were applied.
4. Enquire of sales staff about side letters and verbal commitments, and search correspondence for terms absent from the contract file.
5. Test contracts modified near period end for their effect on recognition.","1. Side letters granting return rights not in the master contract
2. Gross presentation where the organisation carries no inventory risk
3. Long-term contracts recognised on invoicing rather than progress
4. Contract modifications concentrated at period end","1. Customer contracts and amendments
2. Revenue recognition policy and memoranda
3. Sales correspondence
4. Period-end contract modifications","1. Contracts reviewed for obligations
2. Gross vs. net reassessments
3. Side agreements identified"
IA-P2P-01,All industries,Procure to Pay,Vendor Master Data,"Fictitious vendors are created, or bank details on genuine vendors are altered, so payments leave the organisation to accounts controlled by a fraudster.","Set up a fake supplier, or change a real one's bank details, and payments walk straight out of the company.",High,Fraud,"Confirm vendor records are created and amended only on verified, authorised information.","1. Authorisation and independent verification of vendor creation and bank changes
2. Call-back verification to independently obtained contact details
3. Duplicate vendor detection
4. Employee-to-vendor data matching
5. Dormant vendor reactivation and one-time vendor use","1. Extract the vendor master change log and test creations and bank changes for independent verification evidence.
2. Match the vendor master against employee data on bank account, address, tax identifier and phone.
3. Run duplicate analytics across name, bank account and tax identifier; quantify spend flowing through duplicates.
4. Identify vendors reactivated after dormancy and test the first payment following reactivation.
5. Test one-time and manual vendor payments for approval and business justification.","1. Bank change immediately followed by a large payment
2. Vendors sharing a bank account with each other or an employee
3. Vendor created and paid within the same day
4. Verification evidenced by an email from the address that requested the change","1. Vendor master change log with user and timestamp
2. Employee master data
3. Accounts payable spend by vendor
4. Bank verification records","1. Changes with verified call-back
2. Employee-vendor matches
3. Spend through one-time vendors"
IA-P2P-02,All industries,Procure to Pay,"Vendor Selection, Tendering and Contracting","Suppliers are awarded work without competition or on terms that favour them, often where a personal interest exists.","Awarding work without competition costs money, and is often where undisclosed personal interests hide.",High,Fraud,"Assess whether sourcing is competitive, documented and free from undisclosed interest.","1. Tender thresholds and adherence to them
2. Evaluation criteria, scoring and evaluator independence
3. Single and sole-source justifications
4. Conflict of interest declarations from evaluators
5. Contract award terms versus what was tendered","1. Quantify spend awarded without competition and test the justification for the largest.
2. Re-perform the scoring on a sample of tenders and test whether the award followed the evaluation.
3. Test evaluator conflict declarations and match evaluators to winning suppliers for connections.
4. Compare final contract terms to the tendered terms and identify post-award concessions.
5. Test for purchases split to fall below the tender threshold.","1. Sole-source justification citing urgency repeatedly
2. Scoring changed after bids were opened
3. The same supplier winning every category with one buyer
4. Contracts amended in the supplier's favour shortly after award","1. Tender files and evaluation records
2. Contract register
3. Conflict of interest declarations
4. Spend analysis by supplier and buyer","1. % spend competitively tendered
2. Single-source awards
3. Post-award concessions"
IA-P2P-03,All industries,Procure to Pay,Requisition and Purchase Order Authorisation,"Commitments are made without budget or authority, so the organisation is bound to spend that was never approved.",An approved order is the point at which the company becomes committed to spend. After that it is too late.,High,Financial,Confirm purchase commitments are authorised within delegated authority and budget before they are made.,"1. Delegated authority matrix and its configuration in the system
2. Budget availability checking at requisition
3. Retrospective purchase orders raised after the invoice arrives
4. Order splitting below approval thresholds
5. Blanket and standing orders and their monitoring","1. Test the system configuration of approval limits against the delegated authority matrix.
2. Quantify purchase orders raised on or after the invoice date and test the reason for each.
3. Analyse orders clustering just below authority thresholds by requisitioner.
4. Test blanket order utilisation against approved values and expiry.
5. Test a sample of orders for budget availability checking at the time of commitment.","1. A high proportion of retrospective orders in one department
2. Values repeatedly just under a threshold
3. Approvers approving their own requisitions through delegation
4. Blanket orders extended year after year without re-approval","1. Purchase order data with approval trail
2. Delegated authority matrix
3. System workflow configuration
4. Budget reports","1. Retrospective PO rate
2. Orders near threshold
3. PO coverage of spend"
IA-P2P-04,All industries,Procure to Pay,Goods Receipt and Service Confirmation,"Goods or services are recorded as received when they were not, allowing payment for nothing — the hardest step to verify for services.","Confirming that goods or services arrived is what stops the company paying for nothing, and it is hardest to prove for services.",High,Fraud,"Confirm receipt is independently evidenced before payment, including for services and intangibles.","1. Segregation between ordering, receiving and payment approval
2. Evidence required to confirm receipt of services and consultancy
3. Receipts entered by the requisitioner
4. Quantity and quality verification against the order
5. Goods received not invoiced ageing","1. Test whether the person confirming receipt is independent of the person who ordered, and quantify exceptions.
2. For service purchases, test the evidence supporting confirmation — deliverables, timesheets, reports — rather than an approval click.
3. Reconcile goods received to purchase orders and to invoices; investigate receipts with no order.
4. Age the goods received not invoiced balance and test the oldest items for validity.","1. Receipt confirmed on the same day the invoice was entered
2. Consultancy accepted with no deliverable on file
3. One person ordering and receiving in a remote location
4. GRNI balances aged over a year and never cleared","1. Goods receipt records
2. Purchase orders and invoices
3. Service deliverables and timesheets
4. GRNI ageing reports","1. Receipts by the requisitioner
2. GRNI ageing
3. Service spend with deliverable evidence"
IA-P2P-05,All industries,Procure to Pay,Invoice Processing and Three-Way Match,"Invoices are paid without matching to an order and a receipt, so overbilling and unordered supply are paid in full.",Matching the invoice to the order and the delivery is the basic check that stops overbilling.,High,Financial,"Confirm invoices are matched to order and receipt, and that exceptions are resolved rather than overridden.","1. Three-way match configuration and tolerance settings
2. Volume and pattern of match exceptions and overrides
3. Invoices paid without a purchase order and their approval route
4. Coding accuracy and approval of expense allocation
5. Optical character recognition and automated posting controls","1. Quantify invoices paid without a matched order or receipt and test the approval for a sample.
2. Analyse match tolerance overrides by user and value; test whether tolerances are set at a level that makes the match meaningful.
3. Re-perform the match on a sample of paid invoices and quantify variances.
4. Test invoices coded to unusual or generic accounts for validity.","1. Tolerances so wide that almost nothing fails the match
2. Overrides concentrated with a small number of users
3. Non-PO invoices used routinely by a department
4. Invoices approved by the person who requested and received","1. Invoice register with match status
2. Tolerance configuration
3. Override reports
4. General ledger coding","1. Non-PO invoice %
2. Match overrides by user
3. Match variance value"
IA-P2P-06,All industries,Procure to Pay,Payment Execution and Banking,"The payment file is altered after approval, or payments are released outside the normal run, moving funds without the approvals the process assumes.",This is the moment cash actually leaves. Everything before it is preparation.,High,Fraud,"Confirm that only approved invoices are paid, in the approved amount, to the approved account.","1. Payment run preparation, review and dual release at the bank
2. Integrity of the file between the ledger and the bank
3. Manual, urgent and emergency payments
4. Bank mandates and signatory currency
5. Positive pay or equivalent bank-side controls","1. Agree the total and record count of an approved payment proposal to the file transmitted to the bank.
2. Test that bank release requires two approvers independent of invoice processing, including for urgent payments.
3. Extract all manual and emergency payments and test authorisation and justification for each.
4. Confirm mandates and signatories against the approved list and identify leavers still authorised.","1. Urgent payments used routinely rather than exceptionally
2. File totals differing from the approved proposal
3. Payments to vendors added on the day of the run
4. Signatories who left months ago still active","1. Payment proposals and approvals
2. Bank transmission logs and files
3. Bank mandates
4. Manual payment approvals","1. Manual payments per period
2. Proposal to file variances
3. Mandate exceptions"
IA-P2P-07,All industries,Procure to Pay,Duplicate and Erroneous Payments,"The same invoice is paid twice, or paid to the wrong vendor, and the loss is never identified because no one looks.","Paying the same invoice twice is common, rarely noticed, and usually only recovered if someone looks.",Medium,Financial,Determine whether duplicate and erroneous payments occur and whether they are detected and recovered.,"1. Duplicate detection controls at invoice entry and at payment
2. Invoice numbering conventions that defeat detection
3. Recovery process for identified duplicates
4. Credit balances on vendor accounts
5. Statement reconciliation with major vendors","1. Run duplicate analytics on exact and fuzzy matches across vendor, amount, invoice number and date; quantify the exposure.
2. Test whether identified duplicates were recovered and how long recovery took.
3. Review vendor accounts with debit balances or long-standing credits, which often indicate unrecovered duplicates.
4. Test whether vendor statement reconciliations are performed for the largest suppliers.","1. Duplicate detection limited to exact invoice number matches
2. Vendor credit balances aged over a year
3. Recoveries pursued only when the vendor volunteers them
4. Same invoice entered against two vendor records","1. Full payment history extract
2. Vendor account balances
3. Vendor statements
4. Recovery correspondence","1. Duplicate exposure identified
2. Duplicates recovered
3. Aged vendor credit balances"
IA-P2P-08,All industries,Procure to Pay,Employee Expenses and Purchase Cards,"Personal expenditure is claimed as business expense, or purchase cards are used outside policy, with approval given without scrutiny.","Expenses and company cards are small amounts approved quickly, which is exactly why personal spending slips through.",Medium,Fraud,"Assess whether expense and card spend is within policy, supported and genuinely reviewed.","1. Expense policy limits, receipt requirements and approval routing
2. Purchase card issuance, limits and merchant category restrictions
3. Approval quality — whether approvers examine or simply click
4. Cash withdrawals, round-sum and weekend transactions
5. Card cancellation on exit and dormant card review","1. Analyse claims by claimant for round sums, duplicated receipts, weekend and holiday spend, and amounts just under the receipt threshold.
2. Test purchase card transactions against merchant category restrictions and policy.
3. Measure approval time per claim; approvals granted seconds apart indicate no review.
4. Test that cards were cancelled for leavers and review dormant cards still active.
5. Test a sample of claims to original receipts rather than a summary.","1. Claims consistently just below the receipt threshold
2. Approvals batched in seconds
3. Cards active for staff who left
4. Cash withdrawals on purchase cards","1. Expense claim data and receipts
2. Purchase card transaction files
3. Card issuance and cancellation records
4. Approval timestamps","1. Claims without receipts
2. Policy breach rate
3. Cards active for leavers"
IA-P2P-09,All industries,Procure to Pay,Contract Compliance and Price Adherence,"The organisation pays more than the contract allows because no one checks invoices against negotiated rates, rebates and service credits.","Companies negotiate good rates and then pay something different, because nobody checks the invoice against the contract.",High,Financial,Confirm that the value negotiated in contracts is actually realised in what is paid.,"1. Contracted rates loaded into the system versus applied at invoicing
2. Indexation and price increase clauses and their application
3. Volume rebates and discounts earned and claimed
4. Service credits for failure and whether they are taken
5. Contract expiry, renewal and evergreen terms","1. Re-price a sample of invoices against the contract and quantify overcharges across the supplier base.
2. Recompute contractual indexation applied and test that increases were permitted and correctly calculated.
3. Recompute rebates earned against volumes and test whether they were claimed and received.
4. Test service level performance against the contract and whether credits due were deducted.","1. Price increases applied earlier or larger than the contract permits
2. Rebates never claimed
3. Service failures with no credits taken
4. Contracts auto-renewing at uncompetitive rates","1. Contracts and rate schedules
2. Invoice and payment data
3. Rebate calculations
4. Service level reporting","1. Overcharge recovered
2. Rebates claimed vs. earned
3. Service credits taken"
IA-P2P-10,All industries,Procure to Pay,"Procurement Fraud, Kickbacks and Conflicts of Interest","Buyers receive undisclosed benefit for directing business, inflating prices and distorting supplier selection.","Buyers control who gets the business, which makes them a target for suppliers offering something on the side.",High,Fraud,Detect indicators of collusion between buyers and suppliers and assess the controls that would prevent it.,"1. Conflict of interest declarations from procurement and budget holders
2. Gifts and hospitality register and its completeness
3. Supplier concentration by buyer and price trends
4. Bid patterns suggesting collusion among suppliers
5. Rotation of buyer responsibilities and mandatory leave","1. Analyse spend by buyer and supplier to identify concentrations, then compare prices paid against market or other business units.
2. Match supplier data against employee data — addresses, phone numbers, bank accounts and company registry directorships.
3. Review bid patterns for consistent losing bidders, near-identical pricing, or rotating winners.
4. Reconcile the gifts and hospitality register to expenses claimed by suppliers where visible, and test declaration completeness.
5. Test whether buyer rotation and leave requirements were applied.","1. A buyer whose suppliers price consistently above market
2. Losing bidders that never win but always bid
3. Gifts register with almost no entries in a large function
4. Suppliers registered at a residential address","1. Spend analysis by buyer and supplier
2. Conflict declarations and gifts register
3. Tender bid records
4. Company registry data","1. Spend concentration by buyer
2. Declarations completed
3. Price variance to benchmark"
IA-P2P-11,All industries,Procure to Pay,"Accruals, Cut-Off and Accounts Payable Integrity","Liabilities are omitted at period end, or the payables ledger contains balances that no longer represent real obligations.",Leaving out bills that have already been incurred makes profit look better than it is.,Medium,Financial,"Confirm that payables and accruals are complete, valid and correctly cut off.","1. Completeness of accruals for goods and services received not invoiced
2. Cut-off testing around period end
3. Ageing of the payables ledger and old unpaid balances
4. Debit balances and unapplied credits in payables
5. Reconciliation of payables ledger to the general ledger","1. Test cut-off by examining invoices received after period end and tracing them to the correct period.
2. Test the accrual calculation against the goods received not invoiced report and known service commitments.
3. Age the payables ledger and investigate balances outstanding beyond normal terms — they may be disputed, duplicated or fictitious.
4. Reconcile the subledger to the general ledger and test reconciling items.","1. Accruals estimated as a flat percentage with no underlying data
2. Old payables balances never queried by the supplier
3. Reconciling items rolling forward every period
4. Invoices held in a drawer until the new period","1. Accrual calculations and GRNI reports
2. Post period-end invoice register
3. Payables ageing
4. Subledger to ledger reconciliations","1. Accrual accuracy on lookback
2. Payables aged over terms
3. Unreconciled differences"
IA-PAY-01,All industries,Payroll,Payroll System Access and Segregation of Duties,"A single person can create an employee, change pay details and release the payment, allowing fabricated employees or altered pay to reach the bank without detection.","If one person can add an employee, set their pay and release the payment, nothing stops them paying themselves.",High,Fraud,Confirm that payroll system access is restricted by role and that no individual controls the full payroll cycle.,"1. Role design and who holds each payroll role
2. Conflicting combinations — master data maintenance with payroll processing or payment release
3. Access of HR, Finance and IT staff to payroll data
4. Privileged and vendor support accounts
5. Access reviews and removal on transfer or exit","1. Extract all users with payroll system access and map their roles against a segregation of duties matrix; quantify unmitigated conflicts.
2. Test whether any single user can both amend an employee record and approve the pay run, using the system rather than the policy as evidence.
3. Test that IT and vendor support accounts cannot post or release payroll transactions, and review their activity logs.
4. Trace payroll staff who changed role or left, and measure days to access removal.
5. Test whether the last access review was performed by the payroll owner and whether flagged removals actually happened.","1. Emergency or firefighter access left permanently enabled
2. Shared accounts used at pay run time
3. Access reviews approved in bulk on one day
4. Support vendor with standing production access","1. Payroll system user and role listings
2. Segregation of duties matrix
3. Access review evidence
4. Privileged activity logs
5. HR joiner, mover and leaver data","1. Unmitigated SoD conflicts
2. Days to revoke access
3. Privileged sessions at pay run"
IA-PAY-02,All industries,Payroll,Employee Master Data,"Bank details, salary or employment status are changed without authorisation or verification, diverting pay or inflating it.",Changing bank details or salary is the quickest way to redirect or inflate pay.,High,Fraud,"Verify that every change to employee master data is authorised, independently verified and traceable to a source document.","1. Authorisation and verification of salary, bank and status changes
2. Source documentation retained for each change
3. Change reporting and who reviews it
4. Duplicate bank accounts, addresses or tax identifiers
5. Changes made close to the pay run cut-off","1. Extract the full master data change log for the period and reconcile it to authorised change forms.
2. Test all bank detail changes for independent verification back to a source the employee did not supply alone.
3. Run duplicate analytics across bank account, address, national insurance or SIN, and email across the active population.
4. Analyse changes made within 48 hours of the pay run cut-off and test each for approval.
5. Test whether the change report is genuinely reviewed, by re-performing the review for one period.","1. Bank change immediately followed by a pay increase
2. Multiple employees sharing one bank account
3. Changes entered and approved by the same user
4. Retrospective approval forms dated after the change","1. Master data change logs with user and timestamp
2. Authorised change forms
3. Bank verification evidence
4. Payroll master extract","1. Changes with verified authorisation
2. Duplicate bank account exceptions
3. Changes near cut-off"
IA-PAY-03,All industries,Payroll,Payroll Register Review and Authorisation,"The payroll is released without anyone reviewing the register against the prior period, so errors and fraudulent entries pass straight to the bank.",Someone independent looking at the payroll before it goes out is the last chance to catch anything wrong.,High,Financial,Confirm that the payroll register is reviewed on a meaningful basis and authorised by someone independent before payment.,"1. Pre-payment review of the register and variance to prior period
2. Investigation thresholds for movements and new joiners
3. Authorisation limits and who signs the pay run
4. Exception reports — negative pay, duplicate payments, high net pay, zero deductions
5. Evidence retained of the review","1. For a sample of pay runs, obtain the register and the reviewer evidence; re-perform the period-on-period variance analysis and test whether flagged items were investigated.
2. Test that the authoriser is independent of payroll preparation and within their authority.
3. Re-perform the exception reports on the payroll data and test whether the same exceptions were identified and cleared.
4. Test the completeness of the register reviewed against the payment file actually transmitted to the bank.","1. Sign-off dated after the payment was released
2. Variance review consisting of a total-only comparison
3. Exceptions cleared with the note ""checked""
4. Register reviewed by the person who prepared it","1. Payroll registers and variance analyses
2. Reviewer sign-offs
3. Exception reports
4. Bank payment files","1. Pay runs with evidenced review
2. Exceptions investigated
3. Variance threshold breaches"
IA-PAY-04,All industries,Payroll,Time and Attendance,"Hours paid are not the hours worked, because time records are entered, amended or approved by people who benefit from them.","People get paid for the hours recorded, so whoever controls the hours controls the cost.",High,Operational,"Assess whether time and attendance data is captured accurately, approved independently and flows unaltered into pay.","1. Time capture method and its integrity — biometric, badge, manual sheets
2. Supervisor approval of hours and whether it is exercised
3. Amendments to submitted time records and who makes them
4. Buddy punching and remote clock-in controls
5. Interface integrity between the time system and payroll","1. Reconcile hours approved in the time system to hours paid in the register and investigate differences.
2. Analyse time record amendments by user; amendments by payroll or by the employee themselves warrant testing.
3. Test approval evidence for a sample of timesheets and identify approvals granted after the pay run.
4. Where clock-in is remote or app-based, test the location and device controls.
5. Analyse employees with implausible patterns — identical hours every period, hours exceeding shift length.","1. Approvals granted in bulk seconds apart
2. Amendments concentrated with one supervisor
3. Employees clocked in at two locations
4. Manual timesheets replacing system capture for particular teams","1. Time and attendance system extract
2. Approval logs
3. Amendment audit trail
4. Payroll register
5. Shift rosters","1. Hours approved vs. paid variance
2. Amendments per user
3. Late approvals"
IA-PAY-05,All industries,Payroll,"Overtime, Premiums and Variable Pay","Overtime, shift premiums, bonuses and commissions are claimed and approved without support, or calculated on the wrong basis.","Overtime and bonuses are the variable part of pay, which makes them the part worth claiming falsely.",High,Fraud,"Confirm that variable pay is earned, supported, correctly calculated and approved within authority.","1. Overtime authorisation before it is worked, not after
2. Premium and allowance eligibility rules and their application
3. Bonus and commission calculation against plan rules
4. Approval authority and self-approval risk
5. Concentration by employee, supervisor and cost centre","1. Analyse overtime by employee and supervisor as a percentage of base pay; test the top decile to pre-approval and time records.
2. Recompute a sample of shift premiums and allowances against the eligibility rules in the agreement or policy.
3. Recompute a sample of bonus and commission payments against the plan and the approved performance outcome.
4. Test for supervisors approving their own or a related party's variable pay.","1. Overtime approved after the period worked
2. The same employees at the top of the overtime list every period
3. Allowances continuing after the qualifying condition ended
4. Commission paid on cancelled or unpaid sales","1. Payroll register with pay element detail
2. Overtime authorisations
3. Union agreements and pay policies
4. Bonus and commission plan documents","1. Overtime as % of base pay
2. Variable pay recomputation errors
3. Self-approved payments"
IA-PAY-06,All industries,Payroll,Statutory Deductions and Remittances,"Statutory deductions are calculated on the wrong basis or remitted late, exposing the organisation to interest, penalties and employee claims.",Tax and social security deducted from staff belongs to the authorities. Paying it late brings penalties immediately.,High,Compliance,"Confirm that statutory deductions are correct, complete and remitted within the required deadlines.","1. Tax code and withholding table maintenance and update timing
2. Pension, social security and levy calculations
3. Remittance deadlines by jurisdiction and evidence of payment
4. Year-end reporting and employee statements
5. Treatment of benefits in kind and taxable allowances","1. Recompute statutory deductions for a sample of employees across pay bands and jurisdictions.
2. Test that withholding tables were updated on the statutory effective date, not later.
3. Agree remittances to the authority receipts and test the payment date against the deadline; quantify interest and penalties.
4. Test the treatment of benefits in kind, allowances and expense reimbursements for correct taxability.
5. Reconcile year-end statements to the payroll ledger.","1. Penalties recurring period after period
2. Tables updated retrospectively after an authority query
3. Benefits paid through expenses to avoid tax
4. Reconciling differences at year end carried forward unexplained","1. Payroll register and deduction reports
2. Authority remittance receipts and correspondence
3. Withholding table configuration
4. Year-end statements and reconciliations","1. Remittances on time %
2. Penalties and interest incurred
3. Deduction recomputation errors"
IA-PAY-07,All industries,Payroll,"Joiners, Leavers and Final Settlements","New starters are paid before onboarding is complete and leavers continue to be paid after their exit date, or receive settlements outside policy.","People get paid after they leave more often than anyone expects, and it is rarely recovered.",High,Financial,Confirm that pay starts and stops on the correct date and that final settlements are calculated and approved correctly.,"1. Timeliness of new starter set-up and first payment accuracy
2. Leaver notification from HR to payroll and the cut-off applied
3. Final settlement components — notice, accrued leave, severance
4. Approval authority for settlements and ex gratia payments
5. Recovery of overpayments after exit","1. Reconcile the payroll population to the HR active employee list and investigate every difference in both directions.
2. For all leavers in the period, test that pay ceased on the exit date and recompute the final settlement.
3. Test severance and ex gratia payments to the approval authority matrix and to any settlement agreement.
4. Quantify overpayments to leavers and test the recovery outcome.
5. Test first-payment accuracy for a sample of new starters, including pro-rating.","1. Payments continuing one or more periods after exit
2. Settlements approved by the departing employee's own manager alone
3. Overpayments written off without attempt at recovery
4. Leaver notifications arriving after the pay run repeatedly","1. HR joiner and leaver reports
2. Payroll register
3. Settlement calculations and agreements
4. Overpayment recovery records","1. Payments after exit date
2. Days from exit to payroll cut-off
3. Overpayments recovered %"
IA-PAY-08,All industries,Payroll,Leave and Employee Benefit Accruals,"Accrued leave, long service and benefit liabilities are misstated because entitlement rules are applied inconsistently or balances are never verified.",Unused holiday and long-service benefits are a real liability that builds quietly on the balance sheet.,Medium,Financial,Confirm that leave and benefit balances reflect entitlement and are accurately valued.,"1. Entitlement rules by contract type and their configuration
2. Leave taken recorded against the balance
3. Carry-over, expiry and cap rules
4. Valuation basis for the accrual, including on-costs
5. Long service, sabbatical and other long-term benefit provisions","1. Recompute leave balances for a sample of employees from entitlement, accrual and leave taken.
2. Test that leave actually taken is recorded — compare rosters or absence records to leave deductions.
3. Test carry-over and expiry rules against policy and identify balances exceeding caps.
4. Recompute the accrual valuation including employer on-costs and agree to the ledger.","1. Employees with balances far above the cap
2. Leave taken but never deducted from the balance
3. Accrual valued at current salary where policy requires otherwise
4. Manual adjustments to balances without approval","1. Leave management system extract
2. Employment contracts and leave policy
3. Accrual calculations
4. General ledger balances","1. Leave balances above cap
2. Accrual recomputation variance
3. Manual balance adjustments"
IA-PAY-09,All industries,Payroll,Payroll Payment Execution and Bank Controls,"The payment file is altered between approval of the payroll and transmission to the bank, or payments are made from accounts outside treasury control.",The file sent to the bank is what actually pays people. It must match what was approved.,High,Fraud,"Confirm that the amount authorised is the amount paid, and that payroll banking is controlled.","1. Integrity of the payment file between payroll and bank — hash totals, control counts
2. Authorisation of the payment file at the bank and dual release
3. Payroll bank account mandates and signatories
4. Manual, off-cycle and emergency payments
5. Returned and unpresented payments","1. Agree total value and record count on the approved register to the file transmitted to the bank for a sample of runs.
2. Test that release at the bank requires two approvers independent of payroll preparation.
3. Test all off-cycle and manual payments for authorisation and business reason.
4. Review returned payments and test where the funds were redirected.
5. Confirm payroll bank mandates against the approved signatory list.","1. Payment file totals differing from the approved register
2. Off-cycle payments used routinely
3. Returned payments re-issued to a different account
4. Payroll accounts with signatories no longer employed","1. Approved payroll registers
2. Bank payment files and transmission logs
3. Bank mandates
4. Off-cycle payment approvals","1. Register to bank file variances
2. Off-cycle payments per period
3. Payments released single-handed"
IA-PAY-10,All industries,Payroll,Outsourced Payroll Provider Oversight,"Payroll is outsourced but the risk is not, and the organisation cannot evidence that the provider's controls actually operate.","Using a payroll provider does not transfer the responsibility. If they get it wrong, your staff are unpaid.",Medium,Strategic,"Assess whether an outsourced payroll arrangement is governed, assured and recoverable.","1. Contract terms — service levels, liability, audit rights, data protection
2. Assurance obtained, such as a service auditor report, and whether it is read
3. Complementary user entity controls the organisation must perform
4. Data transfer security and employee data protection
5. Exit and continuity planning if the provider fails","1. Obtain the provider's service auditor report; identify the complementary user controls and test whether the organisation actually performs each one.
2. Review report exceptions and test whether management assessed their impact.
3. Test the reconciliation performed on data returned by the provider before it is accepted.
4. Review the contract for audit rights and data protection terms, and test whether any audit has been exercised.
5. Assess the continuity plan for running payroll if the provider became unavailable.","1. Service auditor report received but never opened
2. Complementary user controls not even identified
3. Provider output accepted without reconciliation
4. No plan for a pay run if the provider fails","1. Outsourcing contract
2. Service auditor reports
3. Reconciliations of provider output
4. Service level reporting
5. Continuity plan","1. Complementary controls performed
2. Report exceptions assessed
3. Date of last provider review"
IA-PAY-11,All industries,Payroll,"Payroll Reconciliation, Cost Analysis and Ghost Employees","Payroll is not reconciled to the general ledger or to headcount, so fabricated employees and systematic errors persist undetected.",Comparing payroll to HR records is how you find people being paid who do not exist.,High,Fraud,"Confirm payroll costs reconcile to the ledger and to a verified workforce, and test for fictitious employees.","1. Reconciliation of payroll to the general ledger and to headcount
2. Cost per head and payroll cost trend analysis by department
3. Existence verification of employees
4. Employees with no leave taken, no deductions or no email account
5. Bank account and address matching across the population","1. Reconcile total payroll cost to the general ledger for each period and test unexplained differences.
2. Reconcile paid headcount to HR records and to an independent source such as building access or IT accounts; investigate every unmatched name.
3. Test for employees who never take leave, have no tax deductions, or share bank details with another employee.
4. For a sample of employees, verify existence through independent confirmation — line manager attestation, access records, or physical verification.
5. Analyse payroll cost per head by department against expectation.","1. Employees with no system account and no leave history
2. Payroll to ledger differences carried as a rounding plug
3. Headcount reported by HR differing persistently from payroll
4. New employees created shortly before the pay run and removed after","1. Payroll registers and general ledger
2. HR headcount reports
3. Building access and IT account listings
4. Leave records
5. Bank detail analytics","1. Payroll to GL differences
2. Unmatched paid employees
3. Employees with zero leave taken"
IA-TL-01,Transportation and logistics,Fleet & Asset Management,Vehicle Acquisition & Disposal,"Vehicles are acquired outside the approved capital plan, or disposed of below market value to related parties.",Vehicles are valuable and easy to sell cheaply to the wrong person if nobody is watching the disposal.,High,Operational,"Confirm fleet additions and disposals are authorised, competitively sourced, and disposal proceeds are complete and at arm's length.","1. Capital plan approval and variance to actual additions
2. Tender or quotation file for each acquisition above threshold
3. Disposal method used — auction, trade-in, private sale
4. Relationship of buyers to employees
5. Residual value assumptions versus realised proceeds","1. Reconcile the fixed asset register to the fleet management system and vehicle licensing records; investigate units in one and not the other.
2. Select a sample of additions and trace to capital plan approval, business case and competitive quotes.
3. For all disposals in the period, recompute gain/loss and agree proceeds to bank receipt.
4. Match buyer names and addresses against the employee and vendor master for related-party indicators.
5. Compare realised proceeds against an independent used-vehicle price guide for a sample of units.","1. Disposals clustered just below the approval threshold
2. Repeat buyers across multiple disposals
3. Units written down shortly before sale
4. Assets still insured or licensed after recorded disposal","1. Fixed asset register
2. Fleet management system extract
3. Provincial/state vehicle registration records
4. Auction settlement statements
5. Capital approval minutes","1. Average fleet age
2. Disposal proceeds vs. book value
3. % acquisitions within approved plan"
IA-TL-02,Transportation and logistics,Fleet & Asset Management,Fuel Management,"Fuel is drawn for personal vehicles or resold, and the loss is buried in normal consumption variance.","Fuel is easy to take and hard to trace, which makes it one of the most common losses in any fleet business.",High,Fraud,"Determine whether fuel consumption is complete, authorised, and reconciled to vehicle activity at the unit level.","1. Fuel card issuance and cancellation process
2. Card-to-vehicle-to-driver assignment integrity
3. Consumption per kilometre by unit against the fleet norm
4. Transactions outside route, hours, or tank capacity
5. Reconciliation of bulk fuel site dips to dispensed volumes","1. Obtain the full fuel card transaction file and join it to telematics GPS data; test for fills where the vehicle was more than 5 km from the station.
2. Test for fill volumes exceeding the unit's tank capacity, and for two fills of the same card within a short window.
3. Rank units by litres per 100 km and investigate the outlier tail with the terminal manager.
4. Confirm cards for terminated drivers were cancelled within the policy window.
5. For bulk sites, reconcile deliveries plus opening dip less closing dip to dispensed volumes; investigate unexplained shrinkage.","1. Fills on non-operating days or outside shift hours
2. Odometer readings entered as round numbers or unchanged
3. Consumption spikes confined to one terminal
4. Manual PIN overrides at the pump","1. Fuel card provider transaction extract
2. Telematics / GPS trip data
3. Driver roster and termination list
4. Bulk fuel delivery notes and dip records","1. Litres per 100 km by unit
2. Fuel cost per revenue kilometre
3. Exception rate on card-to-GPS match"
IA-TL-03,Transportation and logistics,Fleet & Asset Management,Maintenance & Roadworthiness,"Preventive maintenance is deferred to protect operating margin, exposing the company to breakdowns, accidents and regulatory sanction.","Skipping maintenance saves money this month and causes breakdowns, accidents and regulator action later.",High,Compliance,Assess whether the maintenance programme is executed on schedule and whether defects reported by drivers are actually closed.,"1. Preventive maintenance schedule compliance by unit
2. Driver vehicle inspection reports and defect close-out
3. Out-of-service orders and roadside inspection results
4. Third-party repair vendor rates versus contract
5. Warranty claim recovery","1. Extract the PM schedule and compute on-time completion by terminal; test whether overdue units continued in revenue service.
2. Trace a sample of driver-reported defects through to a work order and confirmed repair, measuring days open.
3. Obtain regulator roadside inspection data and reconcile out-of-service findings to internal maintenance records.
4. Recompute a sample of third-party repair invoices against contracted labour rates and parts mark-up.","1. Defects repeatedly re-reported on the same unit
2. PM completions recorded in bulk at period end
3. High share of repairs at a single vendor
4. Inspection sign-offs by staff not on shift","1. Maintenance management system work orders
2. Driver inspection reports
3. Regulator inspection database
4. Repair vendor contracts and invoices","1. PM on-time completion %
2. Roadside out-of-service rate
3. Mean time between failures"
IA-TL-04,Transportation and logistics,Freight Revenue & Billing,Freight Billing Accuracy,"Shipments are delivered but never invoiced, or are invoiced at the wrong rate, weight or accessorial — revenue leakage that never appears in a variance.","Delivering a shipment and never invoicing it is pure lost revenue, and it does not show up as a variance anywhere.",High,Financial,"Verify that every delivered shipment is billed, once, at the contracted rate, with all applicable accessorial charges captured.","1. Shipment-to-invoice completeness
2. Rate table maintenance and approval
3. Accessorial charge capture — waiting time, residential, re-delivery, fuel surcharge
4. Dimensional weight re-measurement
5. Manual rate overrides and credits","1. Reconcile delivered shipments in the operations system to invoiced shipments in billing; quantify and age the unbilled population.
2. Re-price a sample of invoices independently from the contract rate table and quantify the variance.
3. Analyse manual rate overrides by user; test the largest for approval evidence.
4. Test dimensional re-weigh exceptions to confirm the corrected charge was billed.
5. Analyse credit notes by reason code, customer and issuer for concentration.","1. Unbilled shipments ageing beyond the billing window
2. Overrides concentrated in one user or customer
3. Accessorial capture rate far below peer terminals
4. Credits issued shortly after month end","1. Operations shipment file
2. Billing system invoice extract
3. Customer contract rate tables
4. Scale and dimensioner data
5. Credit note register","1. Revenue leakage as % of billed revenue
2. Unbilled shipment ageing
3. Credit notes as % of revenue"
IA-TL-05,Transportation and logistics,Freight Revenue & Billing,Customer Contracts & Pricing,"Discounts and fuel surcharge caps are granted outside delegated authority, eroding margin on long-term contracts.",Discounts agreed by salespeople outside their authority quietly erode the margin on multi-year contracts.,Medium,Financial,Confirm customer pricing reflects properly authorised terms and that contract profitability is monitored after signature.,"1. Delegation of authority for discounting
2. Fuel surcharge mechanism and caps
3. Contract profitability review after award
4. Renewal and evergreen clauses
5. Volume commitment enforcement","1. Select the largest contracts by revenue and agree discount levels to the delegation of authority matrix.
2. Recompute the fuel surcharge applied against the contractual index for a sample of months.
3. Compare contracted volume commitments to actual shipped volumes and test whether shortfall charges were billed.
4. Review post-award profitability reporting and test whether loss-making contracts are escalated.","1. Discounts approved by the salesperson's direct report only
2. Surcharge caps not reflected in the rate engine
3. Contracts auto-renewing without repricing
4. Margin below cost-to-serve with no escalation","1. Signed customer contracts
2. Delegation of authority matrix
3. Rate engine configuration
4. Contract profitability reports","1. Average discount %
2. Contribution margin by contract
3. % contracts repriced at renewal"
IA-TL-06,Transportation and logistics,Network Operations,Linehaul & Capacity Planning,"Purchased transportation is bought at spot rates when contracted capacity was available, inflating cost per shipment.",Buying transport at short notice costs far more than using capacity already under contract.,Medium,Operational,Evaluate whether linehaul capacity decisions follow the planning process and whether purchased transportation is procured at the best available rate.,"1. Load planning and trailer utilisation
2. Contracted versus spot carrier mix
3. Empty-mile and deadhead analysis
4. Carrier rate confirmation versus invoice
5. Detention and demurrage charges","1. Analyse trailer cube and weight utilisation by lane; identify structurally under-loaded lanes.
2. Compare spot purchases to available contracted capacity on the same lane and date; quantify the premium paid.
3. Recompute a sample of carrier invoices against the rate confirmation, including accessorials and detention.
4. Test the approval trail for spot buys above the contracted rate.","1. Spot buys concentrated with one broker
2. Repeated detention charges at the same terminal
3. Utilisation reported without reconciliation to scale data
4. Rate confirmations issued after the move","1. Transportation management system load data
2. Carrier contracts and rate confirmations
3. Carrier invoices
4. Terminal dock schedules","1. Trailer utilisation %
2. Empty miles %
3. Spot vs. contract rate premium"
IA-TL-07,Transportation and logistics,Network Operations,Terminal & Warehouse Operations,"Cargo is lost, damaged or stolen in the terminal and the loss is absorbed as an operating expense without root-cause investigation.","Freight changes hands repeatedly in a terminal, and each handover is an opportunity for it to go missing.",High,Operational,Assess the integrity of custody controls over freight in the terminal and the completeness of loss reporting.,"1. Chain-of-custody scanning at each handoff
2. Physical security — access control, CCTV coverage, seal integrity
3. High-value and controlled-goods segregation
4. Overage, shortage and damage reporting
5. Claims recovery from carriers and insurers","1. Walk the terminal and observe scanning discipline at induction, sort and load; compare observed practice to the procedure.
2. Extract shipments with a missing scan event and test whether each was investigated.
3. Test seal number recording against trailer manifests for inbound and outbound loads.
4. Reconcile the OS&D log to claims paid and to the general ledger loss account.
5. Review terminal access lists against active employee records.","1. Losses clustered by shift, lane or employee
2. Seal numbers recorded as sequential or blank
3. CCTV coverage gaps at high-value cages
4. Claims written off below the investigation threshold","1. Scan event data
2. OS&D log
3. Claims register
4. Access control logs and CCTV retention records
5. Trailer seal manifests","1. Loss ratio per million shipments
2. Claims paid vs. recovered
3. Scan compliance %"
IA-TL-08,Transportation and logistics,Safety & Regulatory Compliance,Driver Hours & Licensing,"Drivers operate beyond legal hours-of-service limits or with lapsed licences and medical certification, creating liability and regulatory exposure.",Drivers over their legal hours or without valid licences create liability the company cannot insure away.,High,Compliance,Determine whether driver qualification files are complete and hours-of-service limits are monitored and enforced.,"1. Driver qualification file completeness
2. Licence and medical certificate expiry monitoring
3. Electronic logging device data and edits
4. Hours-of-service violation follow-up
5. Use of owner-operators and their compliance status","1. Sample driver files and test for licence, abstract, medical certificate, training records and annual review.
2. Extract ELD data and quantify violations by driver and terminal; test disciplinary follow-up for the most frequent offenders.
3. Analyse ELD log edits by user — edits made by dispatch rather than the driver warrant challenge.
4. Cross-check active drivers against the licence expiry report on the audit date.","1. Log edits concentrated near the violation threshold
2. Unassigned driving time
3. Drivers dispatched with expired medicals
4. Owner-operators outside the compliance monitoring scope","1. Driver qualification files
2. ELD/telematics hours data
3. Licence abstract monitoring reports
4. Dispatch records","1. HOS violations per 1,000 driving hours
2. % driver files complete
3. Unassigned driving time hours"
IA-TL-09,Transportation and logistics,Safety & Regulatory Compliance,Dangerous Goods & Customs,"Dangerous goods are accepted, or cross-border shipments are declared, without the required documentation and classification, exposing the company to penalties and shipment seizure.","Dangerous goods and customs errors stop shipments and bring penalties, sometimes personal ones.",High,Compliance,"Confirm regulated shipments are correctly classified, documented and handled by trained personnel.","1. Dangerous goods acceptance and classification
2. Training and certification currency for handlers
3. Customs declaration accuracy and tariff classification
4. Denied-party and sanctions screening
5. Broker performance and record retention","1. Sample dangerous goods shipments and test declaration, placarding, packaging and handler certification.
2. Re-perform tariff classification on a sample of cross-border shipments and quantify duty variance.
3. Test that denied-party screening runs on every consignee and that hits are cleared by compliance, not operations.
4. Review regulator correspondence, penalties and corrective action closure.","1. Screening exceptions cleared by the booking agent
2. Classification changed after a duty query
3. Training certificates expiring without replacement
4. Recurring penalties for the same defect","1. Dangerous goods declarations
2. Training register
3. Customs entries and broker files
4. Screening system logs
5. Regulator penalty notices","1. DG documentation error rate
2. Customs entry amendment rate
3. % handlers certified"
IA-TL-10,Transportation and logistics,Third Party Management,Owner-Operator & Subcontract Carriers,"Subcontracted carriers are engaged without insurance, safety rating or contract, transferring their liability back to the company.","When another carrier moves your freight, their insurance and safety record become your problem.",High,Compliance,"Verify that every carrier moving freight has been qualified, contracted and monitored throughout the engagement.","1. Carrier onboarding and qualification checks
2. Insurance certificate currency and limits
3. Safety rating monitoring after onboarding
4. Contract coverage and indemnity terms
5. Payment to carriers not in the approved master","1. Reconcile carriers paid in the period to the approved carrier master; investigate every payee not on the master.
2. Test insurance certificate expiry against the dates freight was actually tendered to each carrier.
3. Re-check current safety ratings for the top carriers by spend and test escalation of downgrades.
4. Review contracts for indemnity, sub-contracting prohibition and audit rights.","1. Carriers paid with no contract on file
2. Insurance lapses covered by an expired certificate on file
3. Freight tendered to carriers with conditional safety ratings
4. Single-source lanes without competitive review","1. Carrier master data
2. Accounts payable carrier spend
3. Insurance certificates
4. Regulator safety rating database
5. Carrier contracts","1. % carrier spend under contract
2. Insurance lapse exceptions
3. % spend with conditional-rated carriers"
IA-X-01,All industries,Procure to Pay,Vendor Master & Payments,"Payments are made to fictitious vendors, or to genuine vendors at bank details altered by a fraudster.",Payments to suppliers are the most common route for money to leave a company fraudulently.,High,Fraud,Determine whether vendor master changes are independently verified and whether the payment population contains indicators of fraud or duplication.,"1. Vendor creation and bank change verification
2. Segregation between vendor maintenance, invoice entry and payment release
3. Duplicate payment detection
4. Employee-to-vendor data matching
5. Dormant vendor reactivation","1. Match the vendor master against the employee master on bank account, address, tax ID and phone number.
2. Test all bank detail changes in the period for evidence of independent call-back verification to a number obtained from an independent source.
3. Run duplicate payment analytics on invoice number, amount, date and vendor across near-matches.
4. Identify vendors reactivated after long dormancy and test the first payment after reactivation.
5. Test system access to confirm no user can both maintain the vendor and release the payment.","1. Bank change immediately followed by a large payment
2. Vendors sharing a bank account
3. Invoices just below the approval threshold
4. Vendor address matching an employee address","1. Vendor master change log
2. Employee master
3. Payment run files
4. ERP access and role assignments","1. Duplicate payments recovered
2. % bank changes with verified call-back
3. Vendor master exception count"
IA-X-03,All industries,IT & Technology,Access Management,"Users retain access after role change or termination, or hold combinations of access that allow a transaction to be initiated and approved by the same person.","People who change jobs or leave often keep their old system access, which is how small problems become large ones.",High,IT,"Assess whether logical access is granted, reviewed and removed in line with role requirements and segregation of duties rules.","1. Joiner, mover and leaver processing
2. Periodic user access recertification
3. Privileged and generic account use
4. Segregation of duties conflict matrix
5. Access to production data and direct database changes","1. Reconcile active system accounts to the active employee list; test every orphan account.
2. Measure elapsed days from termination to access removal across all leavers in the period.
3. Run the SoD conflict matrix against current role assignments and quantify unmitigated conflicts.
4. Test whether the last recertification was completed by the business owner and whether flagged removals actually occurred.
5. Review privileged account activity logs for direct data changes outside change management.","1. Recertification approved in bulk on a single day
2. Generic accounts shared by a team
3. Firefighter access left permanently enabled
4. Removals flagged but never executed","1. User access listings by system
2. HR joiner/leaver data
3. Recertification evidence
4. Privileged activity logs","1. Days to revoke access
2. Unmitigated SoD conflicts
3. % accounts recertified on time"
IA-X-04,All industries,Governance & Entity Level Controls,Whistleblower & Conflicts of Interest,"Concerns raised through the ethics line are not investigated independently, or undisclosed conflicts of interest influence supplier selection.","If people do not trust the confidential reporting line, management is the last to know about problems.",Medium,Strategic,"Evaluate whether the ethics reporting channel is trusted and effective, and whether conflicts of interest are disclosed and managed.","1. Ethics line availability, anonymity and awareness
2. Case triage, investigation independence and closure
3. Conflict of interest declaration completeness
4. Related-party transactions with declared interests
5. Retaliation monitoring","1. Review the case log for volume, category, ageing and closure quality; test a sample end to end.
2. Test whether cases implicating management were investigated by someone outside that reporting line.
3. Reconcile conflict of interest declarations to the employee population and test completeness for decision-makers.
4. Match declared interests against the vendor master and investigate transactions with connected parties.","1. Very low case volume relative to headcount
2. Cases closed as unsubstantiated with no documented work
3. Declarations missing from procurement and finance staff
4. Reporters subsequently exiting the business","1. Ethics case management log
2. Conflict of interest declarations
3. Vendor master
4. Exit interview records","1. Cases per 1,000 employees
2. Average days to close
3. % declarations completed"
IA-TP-01,All industries,Third Party Management,Third Party Inventory and Risk Tiering,"The organisation does not know who its third parties are or which matter, so oversight is applied to the wrong ones.","You cannot manage suppliers you do not know you have, and most companies have more than they think.",High,Strategic,Confirm third parties are identified completely and tiered by the risk they present.,"1. Completeness of the third-party register against payments and system access
2. Criticality and risk tiering methodology
3. Fourth-party and subcontracting visibility
4. Ownership of each relationship inside the business
5. Refresh of tiering when the service changes","1. Build an independent third-party inventory from accounts payable and system access data and compare it to the register.
2. Test the tiering of a sample against the methodology; challenge any critical service tiered low.
3. Test whether subcontracting by key providers is known and permitted by contract.
4. Test that each relationship has a named business owner.","1. Providers paid regularly but absent from the register
2. Critical services tiered as low risk
3. No knowledge of who the provider subcontracts to
4. Relationships with no owner since the manager left","1. Accounts payable vendor data
2. Third-party register and tiering
3. System access listings
4. Contracts","1. Providers not in register
2. Critical providers tiered
3. Relationships with named owner"
IA-TP-02,All industries,Third Party Management,Due Diligence and Onboarding,"Third parties are engaged without checks on their financial health, integrity or capability, and problems surface only after dependency exists.",Checking a supplier after you depend on them is too late to do anything about what you find.,High,Compliance,Confirm due diligence is performed before engagement and is proportionate to risk.,"1. Due diligence scope by risk tier — financial, sanctions, integrity, capability
2. Timing — before contract signature or after
3. Sanctions, anti-bribery and modern slavery screening
4. Site visits or technical assessment for critical providers
5. Refresh of due diligence during the relationship","1. Test that due diligence was completed before contract signature for a sample of engagements.
2. Test screening evidence for sanctions and adverse media on critical providers.
3. Test the currency of due diligence for long-standing relationships.
4. Assess whether financial health of critical providers is monitored, not just checked once.","1. Due diligence dated after the contract
2. Long relationships never re-assessed
3. Screening limited to a search engine query
4. Financial distress at a provider discovered from the news","1. Due diligence files
2. Screening records
3. Contracts and signature dates
4. Financial monitoring records","1. DD before signature %
2. Critical providers refreshed
3. Screening completed"
IA-TP-03,All industries,Third Party Management,Contracting and Commercial Terms,"Contracts omit the protections the organisation needs, so there is no remedy when the provider fails.",The contract is the only leverage you have when a supplier fails. Missing terms means no remedy.,High,Compliance,Confirm contracts contain the terms required for the risk the provider carries.,"1. Presence of service levels, remedies and service credits
2. Audit and inspection rights
3. Data protection, confidentiality and security obligations
4. Liability caps, indemnities and insurance requirements
5. Termination, exit assistance and transition obligations","1. Review contracts for critical providers against a required-terms checklist and quantify gaps.
2. Test whether spend is occurring under expired or absent contracts.
3. Test whether liability caps are proportionate to the exposure the service creates.
4. Test whether audit rights have ever been exercised.","1. Material spend with no signed contract
2. Liability capped at one month of fees for a critical service
3. Auto-renewal with no review point
4. Audit rights present but never used","1. Contract register and agreements
2. Spend analysis
3. Insurance certificates
4. Renewal records","1. Spend under contract %
2. Contracts with audit rights
3. Expired contracts still active"
IA-TP-04,All industries,Third Party Management,Performance and Service Level Management,"Provider performance is not measured, so service degrades and contractual remedies go unclaimed.","If nobody measures the service, it drifts, and the credits you were owed are never claimed.",Medium,Operational,Confirm provider performance is measured against contract and managed actively.,"1. Service level definition and who measures performance
2. Provider self-reporting versus independent measurement
3. Service credit and remedy claims
4. Governance meetings, minutes and escalation
5. Relationship between performance and contract renewal","1. Test whether performance data is produced by the provider or independently verified.
2. Recompute service levels for a sample of periods and test whether credits due were claimed.
3. Review governance meeting minutes for substance and escalation of persistent failures.
4. Test whether poor performers were renewed regardless.","1. Performance reported solely by the provider
2. Service credits never claimed
3. Governance meetings cancelled repeatedly
4. Consistently failing providers renewed","1. Service level reports
2. Contracts and credit provisions
3. Governance minutes
4. Renewal decisions","1. SLA attainment
2. Credits claimed vs. due
3. Governance meetings held"
IA-TP-05,All industries,Third Party Management,Assurance over Provider Controls,The organisation relies on controls operated by a third party without any evidence that they work.,"When a supplier performs a control for you, you still have to prove it works.",High,IT,Confirm assurance is obtained over provider controls and acted upon.,"1. Assurance strategy by tier — service auditor reports, certifications, right to audit
2. Review of reports received, including exceptions and qualified opinions
3. Complementary user entity controls and whether they are performed
4. Coverage gaps between report period and financial year
5. Escalation of adverse findings","1. Obtain service auditor reports for critical providers; test whether anyone read them by tracing exceptions to management action.
2. Identify complementary user entity controls and test whether the organisation performs each.
3. Test the coverage period against the financial year and how gaps are addressed.
4. Assess reliance placed on certifications that do not cover the services actually used.","1. Reports filed unread
2. Complementary controls never identified
3. Certification scope excluding the service used
4. Qualified opinions with no response","1. Service auditor reports and certifications
2. Bridge letters
3. Complementary control testing
4. Management responses","1. Critical providers with assurance
2. Complementary controls tested
3. Exceptions addressed"
IA-TP-06,All industries,Third Party Management,Data Protection and Information Security,"Third parties hold or access the organisation's data without adequate protection, and a breach at the provider becomes the organisation's breach.",A data breach at your supplier is reported as your data breach.,High,Compliance,"Confirm data shared with third parties is protected, minimised and governed.","1. Inventory of data shared with each provider and its classification
2. Processor agreements and lawful basis for transfers
3. Security requirements imposed and verified
4. Provider access into the organisation's environment
5. Breach notification obligations and testing of the route","1. Reconcile providers receiving personal or sensitive data to signed processor agreements.
2. Test the security requirements imposed on providers and any verification performed.
3. Test provider access accounts — authentication, privilege, monitoring and removal.
4. Test whether breach notification routes have been exercised or are theoretical.","1. Data shared with no agreement in place
2. Provider staff with standing privileged access
3. Security requirements stated but never verified
4. No test of the breach notification path","1. Data sharing inventory
2. Processor agreements
3. Provider access listings
4. Security assessment records","1. Providers with agreements
2. Provider access reviewed
3. Security verifications performed"
IA-TP-07,All industries,Third Party Management,"Concentration, Continuity and Exit","A critical provider fails and there is no alternative and no exit plan, so the disruption is unbounded.","If a critical supplier fails and there is no alternative, the disruption lasts as long as it lasts.",High,Strategic,Assess whether dependency on third parties is understood and survivable.,"1. Concentration analysis — single providers, shared fourth parties, geographic concentration
2. Business continuity requirements imposed and tested with the provider
3. Exit plans, transition assistance and data return
4. Substitutability of each critical provider
5. Testing of failover to an alternative","1. Identify critical services with a single provider and no substitute, and test the mitigation.
2. Test whether continuity arrangements have been jointly exercised with the provider.
3. Review exit plans for credibility — timescale, cost, data format, resource.
4. Analyse fourth-party concentration where several providers depend on the same underlying supplier.","1. Exit plan consisting of a single paragraph
2. Continuity never tested with the provider
3. Several critical providers hosted on the same platform
4. Data held in a proprietary format with no export","1. Concentration analysis
2. Continuity test records
3. Exit plans
4. Provider architecture information","1. Critical services single-sourced
2. Continuity tests performed
3. Exit plans credible"
IA-TP-08,All industries,Third Party Management,Offshoring and Cross-Border Arrangements,"Work performed offshore creates regulatory, tax and resilience exposure that was never assessed.","Moving work to another country brings regulatory, tax and oversight issues that are easy to miss.",Medium,Compliance,Confirm cross-border service arrangements comply with regulatory and data residency requirements.,"1. Regulatory notification or approval requirements for outsourcing
2. Data residency and cross-border transfer mechanisms
3. Local labour, tax and permanent establishment considerations
4. Time zone, language and oversight practicality
5. Geopolitical and country risk assessment","1. Test whether required regulatory notifications for outsourcing were made.
2. Test data residency against the contractual and regulatory requirement.
3. Assess whether offshore arrangements create permanent establishment or transfer pricing exposure.
4. Test the practical oversight exercised over offshore operations.","1. Outsourcing arrangements never notified to the regulator
2. Data processed in jurisdictions not permitted
3. No country risk assessment for concentrated locations
4. Oversight limited to a monthly call","1. Outsourcing agreements
2. Regulatory notifications
3. Data flow mapping
4. Country risk assessments","1. Notifications made
2. Data residency exceptions
3. Offshore sites visited"
IA-EL-01,All industries,Governance & Entity Level Controls,Governance Structure and Board Effectiveness,"The board and its committees lack the information, independence or challenge to oversee the organisation effectively.","The board is the last line of defence. If it cannot see problems or will not challenge, nothing else compensates.",High,Strategic,Assess whether governance arrangements provide genuine oversight.,"1. Board and committee composition, independence and skills
2. Quality, timeliness and balance of information provided
3. Evidence of challenge in minutes
4. Committee terms of reference and coverage of their remit
5. Board evaluation and succession planning","1. Review minutes across several meetings for evidence of challenge, dissent and follow-up, not just approval.
2. Test whether papers reached members with enough time to read them.
3. Test committee coverage against terms of reference — matters required but never discussed.
4. Assess whether management reporting to the board matches what the audit found operationally.","1. Minutes recording approval with no discussion
2. Papers issued the day before
3. Terms of reference matters never on any agenda
4. Board evaluation never performed","1. Board and committee minutes and packs
2. Terms of reference
3. Composition and independence records
4. Evaluation reports","1. Papers issued on time
2. Matters covered vs. remit
3. Actions closed"
IA-EL-02,All industries,Governance & Entity Level Controls,Tone at the Top and Culture,"Stated values are contradicted by what management rewards and tolerates, so controls are undermined from above.","People take their cue from what leaders reward and tolerate, not from what the policy says.",High,Strategic,"Assess whether the culture supports the control environment in practice, not only in policy.","1. Code of conduct, its communication and acknowledgement
2. Consistency between stated values and incentive design
3. Consequence management — how breaches by senior staff are handled
4. Speak-up culture and psychological safety indicators
5. Employee survey results relevant to ethics and pressure","1. Compare disciplinary outcomes for similar breaches at different seniority levels.
2. Test whether incentive plans reward outcomes the code discourages.
3. Review survey data for indicators of pressure to meet targets at any cost, and follow up on the worst-scoring units.
4. Interview staff at multiple levels about whether they would raise a concern and what they expect would happen.","1. Senior breaches handled quietly while junior ones are dismissed
2. Targets that can only be met by cutting corners
3. Survey scores on ethics declining with no response
4. Exit interviews citing pressure repeatedly","1. Code of conduct and acknowledgements
2. Disciplinary case records
3. Incentive plan documents
4. Employee survey and exit interview data","1. Code acknowledgement rate
2. Consistency of consequence
3. Survey ethics scores"
IA-EL-03,All industries,Governance & Entity Level Controls,Risk Management Framework,"Risk management is a reporting exercise disconnected from decisions, so real risks are absent from the register.","If the risk register does not contain the things that actually go wrong, risk management is decoration.",High,Strategic,Assess whether the risk framework identifies and manages the risks that actually threaten the organisation.,"1. Risk appetite definition and its use in decisions
2. Risk identification process and register completeness
3. Assessment methodology and consistency of scoring
4. Mitigation ownership, action tracking and effectiveness
5. Emerging risk identification and horizon scanning","1. Compare the risk register to issues identified by audit, incidents and losses — gaps show the identification process is not working.
2. Test whether risk appetite has ever caused a decision to change.
3. Test the scoring of a sample for consistency and challenge.
4. Test whether mitigation actions were completed and made a difference.","1. Risks scored to sit just inside appetite
2. Register unchanged for years
3. Incidents occurring in areas rated low risk
4. Mitigation actions perpetually in progress","1. Risk register and appetite statement
2. Incident and loss data
3. Risk committee minutes
4. Action tracking","1. Register vs. incidents alignment
2. Actions overdue
3. Risks outside appetite"
IA-EL-04,All industries,Governance & Entity Level Controls,Policy Framework and Compliance,"Policies are out of date, contradictory or unknown to the people expected to follow them.","A policy nobody knows about or follows provides no protection, only the appearance of it.",Medium,Compliance,"Confirm the policy framework is current, accessible and complied with.","1. Policy inventory, ownership and review cycle
2. Accessibility and communication to affected staff
3. Consistency between related policies
4. Attestation and training completion
5. Monitoring of actual compliance rather than assumed compliance","1. Test the policy inventory for overdue reviews and identify policies referencing superseded regulation.
2. Test staff awareness of key policies in the areas audited.
3. Test attestation and training completion, particularly for high-risk roles.
4. Compare policy requirements to observed practice in the processes audited.","1. Policies years past review date
2. Practice diverging from policy with no exception recorded
3. Training completion tracked but not enforced
4. Contradictory requirements in related policies","1. Policy inventory and documents
2. Training and attestation records
3. Process observations
4. Exception approvals","1. Policies within review cycle
2. Training completion
3. Policy vs. practice gaps"
IA-EL-05,All industries,Governance & Entity Level Controls,Delegation of Authority,"Authority limits are unclear, outdated or unenforced, so decisions are made by people without the mandate.","If it is unclear who can approve what, decisions get made by people without the authority to make them.",High,Financial,"Confirm delegated authority is defined, current and enforced in the systems where it matters.","1. Currency of the delegation of authority matrix
2. Alignment between the matrix and system configuration
3. Delegation during absence and its expiry
4. Authority held by leavers and movers
5. Evidence of decisions taken outside authority","1. Compare the delegation matrix to system approval limits in the finance, procurement and HR systems and quantify differences.
2. Test delegations granted during absence for expiry.
3. Reconcile approvers active in systems to current role holders.
4. Test a sample of significant decisions against the authority held at the time.","1. System limits inconsistent with the matrix
2. Temporary delegations never revoked
3. Leavers still active as approvers
4. Matrix last updated after a reorganisation two years ago","1. Delegation of authority matrix
2. System approval configuration
3. HR role data
4. Approval records","1. Matrix to system alignment
2. Expired delegations active
3. Decisions outside authority"
IA-EL-06,All industries,Governance & Entity Level Controls,Fraud Risk Management,"Fraud risk is assumed to be covered by other controls, so no one assesses where the organisation is actually exposed.",Fraud does not get prevented by general controls. Someone has to think specifically about how it would be done here.,High,Fraud,"Assess whether fraud risk is specifically assessed, mitigated and detected.","1. Fraud risk assessment covering asset misappropriation, corruption and financial reporting fraud
2. Ownership of fraud risk and specific anti-fraud controls
3. Fraud detection analytics and their coverage
4. Investigation capability, independence and consistency
5. Loss recording, recovery and lessons applied","1. Test whether a fraud risk assessment exists and covers the schemes relevant to the business, not generic categories.
2. Test the anti-fraud controls claimed against each significant scheme.
3. Review investigations for independence, quality and consistency of outcome.
4. Test whether identified frauds led to control changes.","1. Fraud risk assessment copied from a template
2. Investigations conducted by the function investigated
3. Losses written off without root cause work
4. No detective analytics in high-risk processes","1. Fraud risk assessment
2. Investigation files
3. Loss register
4. Analytics coverage documentation","1. Schemes assessed
2. Investigations independent
3. Controls changed after fraud"
IA-EL-07,All industries,Governance & Entity Level Controls,Whistleblowing and Conflicts of Interest,"Concerns are not raised or not acted upon, and undisclosed interests influence decisions.","If raising a concern feels unsafe, management finds out about problems from the regulator or the press instead.",High,Compliance,Assess whether the speak-up channel is trusted and effective and whether conflicts are managed.,"1. Channel availability, anonymity, independence and awareness
2. Case triage, investigation independence and closure quality
3. Conflict of interest declarations — completeness and refresh
4. Management of declared conflicts, not just declaration
5. Retaliation monitoring","1. Analyse case volume against benchmarks for organisation size; very low volume indicates a channel people do not trust.
2. Test cases implicating senior management for investigator independence.
3. Reconcile conflict declarations to the population required to declare, particularly procurement, finance and hiring managers.
4. Test what happened after a conflict was declared — management action, not just a record.","1. Case volume near zero
2. Cases closed as unsubstantiated with no documented work
3. Declarations collected but never acted on
4. Reporters leaving shortly after raising a concern","1. Case management records
2. Conflict declarations and registers
3. Investigation files
4. Exit interview data","1. Cases per 1,000 staff
2. Days to close
3. Declarations completed"
IA-EL-08,All industries,Governance & Entity Level Controls,Regulatory Compliance Management,"Regulatory obligations are not identified or tracked to an owner, so breaches are found by the regulator.","Regulatory obligations that nobody owns get missed, and being told by the regulator is the expensive way to find out.",High,Compliance,"Confirm regulatory obligations are identified, owned, monitored and evidenced.","1. Completeness of the regulatory obligation inventory
2. Horizon scanning for new and changing requirements
3. Ownership and monitoring of each obligation
4. Breach identification, self-reporting and remediation
5. Regulatory relationship and correspondence handling","1. Build an obligation list independently for the most significant regulations and compare to the inventory.
2. Test evidence of compliance for a sample of obligations rather than an assertion.
3. Test breach self-reporting timeliness and remediation delivery.
4. Test whether regulatory change was assessed and implemented on time.","1. Obligations with no owner
2. Compliance asserted with no evidence
3. Regulatory change implemented after the deadline
4. Breaches identified externally first","1. Obligation inventory
2. Regulatory correspondence
3. Breach register
4. Change implementation records","1. Obligations with evidence
2. Breaches self-identified
3. Change implemented on time"
IA-EL-09,All industries,Governance & Entity Level Controls,Business Continuity and Crisis Management,The organisation cannot continue operating through disruption because plans are theoretical and untested.,Plans that have never been tested tend not to work when they are finally needed.,High,Operational,Assess whether continuity and crisis arrangements would work in practice.,"1. Business impact analysis and its currency
2. Continuity plans for critical processes, including dependencies
3. Testing — scope, realism and lessons captured
4. Crisis management structure, roles and decision authority
5. Communication plans for staff, customers and regulators","1. Test whether the business impact analysis reflects the current operating model.
2. Review the most recent continuity test for realism — was anything actually switched off?
3. Test whether lessons from previous tests or real incidents were implemented.
4. Assess whether plans account for third-party and technology dependencies.","1. Plans referencing systems or premises no longer used
2. Tests that are desktop discussions only
3. Lessons logged but never actioned
4. Plans assuming staff availability during a regional event","1. Business impact analysis
2. Continuity plans
3. Test reports and lessons logs
4. Incident records","1. Plans within review cycle
2. Tests performed
3. Lessons implemented"
IA-TR-01,All industries,Treasury,Cash Forecasting and Liquidity,"Liquidity is managed on forecasts that are consistently wrong, so the organisation borrows expensively or is caught short.",Running out of cash kills otherwise profitable businesses. The forecast is what stops that happening.,High,Financial,Assess whether cash forecasting is accurate enough to support liquidity decisions.,"1. Forecast methodology, horizon and granularity
2. Accuracy of prior forecasts against actual outcomes
3. Inclusion of committed capital, tax and debt service outflows
4. Headroom against facilities and covenant limits
5. Escalation when forecast headroom falls below threshold","1. Compare prior forecasts to actual cash outcomes and quantify the error by horizon.
2. Test whether known commitments were included in forecasts or omitted.
3. Test facility headroom at several dates and whether escalation occurred where policy required.
4. Assess whether business units feed the forecast on a consistent basis.","1. Forecast error consistently in one direction
2. Committed outflows appearing only when they hit
3. Headroom breaches noticed after the fact
4. Forecast prepared by one person with no challenge","1. Cash forecasts and actual outcomes
2. Facility agreements and headroom reports
3. Capital commitment schedules
4. Escalation records","1. Forecast accuracy by horizon
2. Minimum headroom
3. Escalations raised"
IA-TR-02,All industries,Treasury,"Debt, Facilities and Covenant Compliance","A covenant is breached, or a facility lapses, because compliance is monitored manually and only at reporting dates.",Loan agreements contain promises. Break one and the lender can demand its money back immediately.,High,Compliance,Confirm borrowing arrangements are tracked and covenant compliance is monitored continuously.,"1. Inventory of facilities, maturities and renewal timelines
2. Covenant definitions and how they are calculated
3. Frequency of covenant monitoring versus testing dates
4. Headroom trend and forecast covenant compliance
5. Reporting obligations to lenders and their timeliness","1. Recompute covenants from the lender definitions rather than from management's summary; definitions often differ from statutory measures.
2. Test covenant headroom at each test date and on a forecast basis.
3. Test that lender reporting obligations were met within the required timeframe.
4. Review maturity profile and refinancing plans for concentration risk.","1. Covenants calculated using management-adjusted figures
2. Headroom thin and narrowing without escalation
3. Lender reporting submitted late
4. Facilities maturing within twelve months with no refinancing plan","1. Facility and loan agreements
2. Covenant calculations
3. Lender reporting submissions
4. Maturity profile","1. Covenant headroom
2. Lender reports on time
3. Debt maturing within 12 months"
IA-TR-03,All industries,Treasury,Foreign Exchange and Interest Rate Risk,"Exposures are hedged on incomplete data or not at all, so earnings swing on market movements the organisation never chose to take.",Currency and interest rate moves can swing profit even when the business is performing exactly as planned.,High,Financial,"Assess whether market risk exposures are identified, measured and managed within policy.","1. Completeness of exposure identification from the business
2. Hedging policy, ratios and permitted instruments
3. Effectiveness of hedges and any hedge accounting applied
4. Speculative positions and policy breaches
5. Counterparty exposure and credit limits","1. Reconcile hedged exposures to underlying business exposures and quantify unhedged or over-hedged positions.
2. Test compliance with the hedging policy ratio at several dates.
3. Test that instruments used are on the permitted list and that no speculative positions exist.
4. Test hedge effectiveness documentation where hedge accounting is applied.","1. Over-hedging, which is speculation by another name
2. Exposures identified only from the ledger, missing forecast transactions
3. Instruments used outside the approved list
4. Effectiveness testing prepared retrospectively","1. Exposure reports and forecasts
2. Hedging policy
3. Deal confirmations and positions
4. Hedge documentation","1. Hedge ratio vs. policy
2. Unhedged exposure
3. Policy breaches"
IA-TR-04,All industries,Treasury,Investments and Surplus Funds,"Surplus cash is placed with counterparties or in instruments outside policy, risking capital for marginal yield.",Chasing slightly better returns with spare cash is how companies lose money they were not trying to risk.,Medium,Financial,"Confirm investments comply with policy on instrument, counterparty and tenor.","1. Approved instrument and counterparty lists with credit limits
2. Concentration by counterparty and rating
3. Tenor and liquidity of investments against cash needs
4. Valuation and income recognition
5. Authorisation of placements and rollovers","1. Test each investment held against the approved instrument and counterparty list and applicable limits.
2. Analyse concentration by counterparty and rating band against policy.
3. Test authorisation for placements and rollovers, including who can instruct the bank.
4. Agree valuations and accrued income to independent confirmations.","1. Yield chasing into unapproved instruments
2. Concentration with one counterparty above limit
3. Rollovers executed without fresh authorisation
4. Valuations sourced from the counterparty alone","1. Investment register and policy
2. Counterparty credit ratings
3. Deal confirmations
4. Bank and custodian statements","1. Investments outside policy
2. Counterparty concentration
3. Average tenor vs. need"
IA-TR-05,All industries,Treasury,Intercompany Funding and Cash Pooling,"Funds move between group entities without documentation, creating tax exposure, regulatory breach and balances nobody can reconcile.",Money moved between group companies without proper agreements creates tax and legal problems later.,Medium,Compliance,"Confirm intragroup funding is documented, priced and permitted in each jurisdiction.","1. Loan agreements and documentation for intragroup funding
2. Interest pricing and transfer pricing compliance
3. Cash pooling arrangements and participant agreements
4. Regulatory restrictions on cross-border movement and repatriation
5. Reconciliation of intercompany balances","1. Test that intragroup funding has executed agreements and that interest is charged and paid per those terms.
2. Test transfer pricing documentation supporting intragroup interest rates.
3. Reconcile pooling balances between participants and the header account.
4. Test compliance with local restrictions on capital movement for a sample of jurisdictions.","1. Funding advanced with no agreement
2. Interest accrued but never settled
3. Pool balances unreconciled between entities
4. Repatriation executed without checking local rules","1. Intercompany loan agreements
2. Transfer pricing documentation
3. Cash pool statements
4. Local regulatory advice","1. Funding with agreements
2. Intercompany reconciling differences
3. Interest settled vs. accrued"
IA-TR-06,All industries,Treasury,"Guarantees, Letters of Credit and Off-Balance Sheet Commitments","Guarantees and contingent commitments are given and forgotten, so the organisation carries obligations that appear nowhere in its reporting.",Guarantees are promises to pay if someone else does not. They are easy to give and easy to forget.,Medium,Financial,"Confirm contingent obligations are authorised, recorded, monitored and disclosed.","1. Register of guarantees, letters of credit, bonds and indemnities
2. Authorisation and who may commit the organisation
3. Expiry monitoring and release of expired instruments
4. Fees paid on unused or expired facilities
5. Disclosure of contingent liabilities","1. Obtain confirmations from banks of all instruments outstanding and reconcile to the internal register.
2. Test authorisation for instruments issued in the period.
3. Identify expired instruments still incurring fees and test whether release was pursued.
4. Reconcile the register to contingent liability disclosure.","1. Bank confirmations revealing instruments not on the register
2. Guarantees issued by subsidiaries without group approval
3. Fees paid on instruments no longer needed
4. Contingent liabilities disclosed only in round terms","1. Guarantee and instrument register
2. Bank confirmations
3. Board and delegated authorities
4. Contingent liability disclosures","1. Instruments not on register
2. Expired instruments still live
3. Fees on unused facilities"
IA-TR-07,All industries,Treasury,Treasury System Access and Dealing Controls,"A single treasury user can create, confirm and settle a deal, allowing funds to be moved with no independent check.","If the same person can do a deal and settle it, money can move with no independent check at all.",High,Fraud,"Confirm dealing, confirmation and settlement are segregated and that treasury system access reflects that.","1. Segregation between front, middle and back office
2. System roles and conflicting access combinations
3. Independent confirmation of deals with counterparties
4. Standing settlement instructions and their amendment
5. Dealer mandates, limits and recorded lines","1. Map treasury system roles against a segregation matrix and test for users able to deal and settle.
2. Test independent confirmation of a sample of deals directly with counterparties.
3. Test amendments to standing settlement instructions for independent verification.
4. Test dealer authority against mandates for a sample of transactions.","1. Dealers able to amend settlement instructions
2. Confirmations returned to the dealer rather than the back office
3. Standing instructions changed without verification
4. Deals executed outside recorded lines","1. Treasury system user and role listings
2. Deal confirmations
3. Standing settlement instruction change logs
4. Dealer mandates","1. Dealing/settlement conflicts
2. Deals independently confirmed
3. SSI changes verified"
IA-TR-08,All industries,Treasury,Bank Account Governance and Fee Analysis,"Bank accounts exist outside treasury's knowledge and banking fees are paid without review, wasting money and creating fraud exposure.",Companies routinely have bank accounts nobody at head office knows about.,Medium,Operational,Confirm the organisation knows every bank account it holds and pays only the fees it agreed.,"1. Completeness of the bank account inventory
2. Account opening and closing authority
3. Dormant accounts and their closure
4. Bank fee schedules versus fees charged
5. Bank service quality and rationalisation opportunities","1. Obtain confirmations directly from all banking relationships and reconcile to the internal account inventory.
2. Test account opening and closing authorisation for the period.
3. Identify dormant accounts and test why they remain open.
4. Recompute a sample of bank charges against the agreed fee schedule.","1. Accounts confirmed by banks that treasury did not know about
2. Accounts opened by local management
3. Dormant accounts retained ""just in case""
4. Fees charged above the agreed tariff","1. Bank confirmations
2. Internal account inventory
3. Account opening authorisations
4. Fee schedules and bank statements","1. Accounts not in inventory
2. Dormant accounts open
3. Fee overcharges recovered"
